Code,POSITION,LEVEL,SKILLCODE,Description,RUN,DRIBBLE,QUICK,STAMINA,ELASTICITY,BODYCHECK,CROSS,SHORTPASS,LONGPASS,HEADSHOOT,SHORTSHOOT,LONGSHOOT,KEEPING,STEAL,TACKLE,CATCH,PUNCH,GUARD,MOVE,BODY,PASS,SHOOT,DEFENSE,GOALKEEP,TALENT
10001,0,1,0,튜토리얼1용 크로스로봇,80,80,80,80,80,80,80,80,80,80,100,80,80,80,80,80,80,80,0,0,0,0,0,0,0
10002,0,2,0,튜토리얼1용 GK 골못막음,80,80,80,80,80,80,80,80,80,80,80,100,80,80,80,0,0,0,0,0,0,0,0,0,0
10003,0,3,0,-,80,80,80,80,80,80,80,80,80,80,80,80,80,80,80,80,80,80,0,0,0,0,0,0,0
10004,0,4,0,튜토리얼3용,0,0,80,80,80,80,80,80,80,80,150,80,80,80,80,80,80,80,0,0,0,0,0,0,0
10005,0,5,0,튜토리얼1용 크로스로봇,80,80,80,80,80,80,80,80,80,80,100,80,80,80,80,80,80,80,0,0,0,0,0,0,0
10006,0,6,0,튜토리얼1용 크로스로봇,80,80,80,80,80,80,80,80,80,80,100,80,80,80,80,80,80,80,0,0,0,0,0,0,0
10007,0,7,0,-,80,80,80,80,80,80,80,80,80,80,80,100,80,80,80,80,80,80,0,0,0,0,0,0,0
10008,0,8,0,-,80,80,80,80,80,80,80,80,80,80,80,80,80,80,80,80,80,80,0,0,0,0,0,0,0
10009,0,9,0,튜토리얼3용,0,0,80,80,80,80,80,80,80,80,150,80,80,80,80,80,80,80,0,0,0,0,0,0,0
11001,10,1,0,-,65,80,80,80,80,80,80,80,80,80,80,80,80,80,80,0,0,0,0,0,0,0,0,0,0
11002,10,2,0,-,65,80,80,80,80,80,80,80,80,80,80,80,80,80,80,0,0,0,0,0,0,0,0,0,0
11003,10,3,0,-,65,80,80,80,80,80,80,80,80,80,80,80,80,80,80,0,0,0,0,0,0,0,0,0,0
11004,10,4,0,-,65,80,80,80,80,80,80,80,80,80,80,80,80,80,80,0,0,0,0,0,0,0,0,0,0
11005,10,5,0,-,65,80,80,80,80,80,80,80,80,80,80,80,80,80,80,0,0,0,0,0,0,0,0,0,0
11006,10,6,0,-,66,80,80,80,80,80,80,80,80,80,80,80,80,80,80,0,0,0,0,0,0,0,0,0,0
11007,10,7,0,-,66,80,80,80,80,80,80,80,80,80,80,80,80,80,80,0,0,0,0,0,0,0,0,0,0
11008,10,8,0,-,66,80,80,80,80,80,80,80,80,80,80,80,80,80,80,0,0,0,0,0,0,0,0,0,0
11009,10,9,0,-,66,80,80,80,80,80,80,80,80,80,80,80,80,80,80,0,0,0,0,0,0,0,0,0,0
11010,10,10,0,-,67,47,32,27,37,37,62,62,52,37,47,22,42,22,17,0,0,0,0,0,0,0,0,0,0
11011,10,11,0,-,67,48,32,27,37,37,62,62,52,37,48,22,43,22,17,0,0,0,0,0,0,0,0,0,0
11012,10,12,0,-,68,50,33,28,38,38,63,63,53,38,50,23,45,23,18,0,0,0,0,0,0,0,0,0,0
11013,10,13,0,-,68,51,33,28,38,38,63,63,53,38,51,23,46,23,18,0,0,0,0,0,0,0,0,0,0
11014,10,14,0,-,69,53,34,29,39,39,64,64,54,39,53,24,48,24,19,0,0,0,0,0,0,0,0,0,0
11015,10,15,0,-,70,55,35,30,40,40,65,65,55,40,55,25,50,25,20,0,0,0,0,0,0,0,0,0,0
11016,10,16,0,-,71,57,36,31,41,41,66,66,56,41,57,26,52,26,21,0,0,0,0,0,0,0,0,0,0
11017,10,17,0,-,71,58,36,31,41,41,66,66,56,41,58,26,53,26,21,0,0,0,0,0,0,0,0,0,0
11018,10,18,0,-,72,60,37,32,42,42,67,67,57,42,60,27,55,27,22,0,0,0,0,0,0,0,0,0,0
11019,10,19,0,-,72,61,37,32,42,42,67,67,57,42,61,27,56,27,22,0,0,0,0,0,0,0,0,0,0
11020,10,20,0,-,73,64,39,34,44,44,69,69,59,44,65,29,59,29,24,0,0,0,0,0,0,0,0,0,0
11021,10,21,0,-,73,65,39,34,44,44,69,69,59,44,66,29,60,29,24,0,0,0,0,0,0,0,0,0,0
11022,10,22,0,-,74,67,40,35,45,45,70,70,60,45,68,30,62,30,25,0,0,0,0,0,0,0,0,0,0
11023,10,23,0,-,74,68,40,35,45,45,70,70,60,45,69,30,63,30,25,0,0,0,0,0,0,0,0,0,0
11024,10,24,0,-,75,70,41,36,46,46,71,71,61,46,71,31,65,31,26,0,0,0,0,0,0,0,0,0,0
11025,10,25,0,-,76,72,42,37,47,47,72,72,62,47,73,32,67,32,27,0,0,0,0,0,0,0,0,0,0
11026,10,26,0,-,77,74,43,38,48,48,73,73,63,48,75,33,69,33,28,0,0,0,0,0,0,0,0,0,0
11027,10,27,0,-,77,75,43,38,48,48,73,73,63,48,76,33,70,33,28,0,0,0,0,0,0,0,0,0,0
11028,10,28,0,-,78,77,44,39,49,49,74,74,64,49,78,34,72,34,29,0,0,0,0,0,0,0,0,0,0
11029,10,29,0,-,78,78,44,39,49,49,74,74,64,49,79,34,73,34,29,0,0,0,0,0,0,0,0,0,0
11030,10,30,0,-,80,81,46,41,51,51,76,76,66,51,82,36,76,36,31,0,0,0,0,0,0,0,0,0,0
11031,10,31,0,-,80,82,46,41,51,51,76,76,66,51,84,36,77,36,31,0,0,0,0,0,0,0,0,0,0
11032,10,32,0,-,81,84,47,42,52,52,77,77,67,52,86,37,79,37,32,0,0,0,0,0,0,0,0,0,0
11033,10,33,0,-,82,85,48,43,53,53,78,78,68,53,87,38,80,38,33,0,0,0,0,0,0,0,0,0,0
11034,10,34,0,-,84,88,50,45,55,55,80,80,70,55,90,40,83,40,35,0,0,0,0,0,0,0,0,0,0
11035,10,35,0,-,85,89,51,46,56,56,81,81,71,56,91,41,84,41,36,0,0,0,0,0,0,0,0,0,0
11036,10,36,0,-,86,91,52,47,57,57,82,82,72,57,93,42,86,42,37,0,0,0,0,0,0,0,0,0,0
11037,10,37,0,-,87,92,53,48,58,58,83,83,73,58,94,43,87,43,38,0,0,0,0,0,0,0,0,0,0
11038,10,38,0,-,89,95,55,50,60,60,85,85,75,60,97,45,90,45,40,0,0,0,0,0,0,0,0,0,0
11039,10,39,0,-,90,96,56,51,61,61,86,86,76,61,98,46,91,46,41,0,0,0,0,0,0,0,0,0,0
11040,10,40,0,-,91,98,57,52,62,62,87,87,77,62,101,47,93,47,42,0,0,0,0,0,0,0,0,0,0
11041,10,41,0,-,92,99,58,53,63,63,88,88,78,63,102,48,94,48,43,0,0,0,0,0,0,0,0,0,0
11042,10,42,0,-,94,102,60,55,65,65,90,90,80,65,105,50,97,50,45,0,0,0,0,0,0,0,0,0,0
11043,10,43,0,-,95,103,61,56,66,66,91,91,81,66,106,51,98,51,46,0,0,0,0,0,0,0,0,0,0
11044,10,44,0,-,96,105,62,57,67,67,92,92,82,67,108,52,100,52,47,0,0,0,0,0,0,0,0,0,0
11045,10,45,0,-,97,106,63,58,68,68,93,93,83,68,109,53,101,53,48,0,0,0,0,0,0,0,0,0,0
11046,10,46,0,-,99,109,65,60,70,70,95,95,85,70,112,55,104,55,50,0,0,0,0,0,0,0,0,0,0
11047,10,47,0,-,100,110,66,61,71,71,96,96,86,71,113,56,105,56,51,0,0,0,0,0,0,0,0,0,0
11048,10,48,0,-,101,112,67,62,72,72,97,97,87,72,115,57,107,57,52,0,0,0,0,0,0,0,0,0,0
11049,10,49,0,-,102,113,68,63,73,73,98,98,88,73,116,58,108,58,53,0,0,0,0,0,0,0,0,0,0
11050,10,50,0,-,104,116,70,65,75,75,100,100,90,75,119,60,111,60,55,0,0,0,0,0,0,0,0,0,0
11101,11,1,0,-,65,80,80,80,80,80,80,80,80,80,80,80,80,80,80,0,0,0,0,0,0,0,0,0,0
11102,11,2,0,-,65,80,80,80,80,80,80,80,80,80,80,80,80,80,80,0,0,0,0,0,0,0,0,0,0
11103,11,3,0,-,65,80,80,80,80,80,80,80,80,80,80,80,80,80,80,0,0,0,0,0,0,0,0,0,0
11104,11,4,0,-,65,80,80,80,80,80,80,80,80,80,80,80,80,80,80,0,0,0,0,0,0,0,0,0,0
11105,11,5,0,-,65,80,80,80,80,80,80,80,80,80,80,80,80,80,80,0,0,0,0,0,0,0,0,0,0
11106,11,6,0,-,66,80,80,80,80,80,80,80,80,80,80,80,80,80,80,0,0,0,0,0,0,0,0,0,0
11107,11,7,0,-,66,80,80,80,80,80,80,80,80,80,80,80,80,80,80,0,0,0,0,0,0,0,0,0,0
11108,11,8,0,-,66,80,80,80,80,80,80,80,80,80,80,80,80,80,80,0,0,0,0,0,0,0,0,0,0
11109,11,9,0,-,66,80,80,80,80,80,80,80,80,80,80,80,80,80,80,0,0,0,0,0,0,0,0,0,0
11110,11,10,0,-,68,47,32,27,37,37,62,62,52,37,47,22,42,22,17,0,0,0,0,0,0,0,0,0,0
11111,11,11,0,-,70,48,32,27,37,37,62,62,52,37,48,22,43,22,17,0,0,0,0,0,0,0,0,0,0
11112,11,12,0,-,72,50,33,28,38,38,63,63,53,38,50,23,45,23,18,0,0,0,0,0,0,0,0,0,0
11113,11,13,0,-,73,51,33,28,38,38,63,63,53,38,51,23,46,23,18,0,0,0,0,0,0,0,0,0,0
11114,11,14,0,-,75,53,34,29,39,39,64,64,54,39,53,24,48,24,19,0,0,0,0,0,0,0,0,0,0
11115,11,15,0,-,77,55,35,30,40,40,65,65,55,40,55,25,50,25,20,0,0,0,0,0,0,0,0,0,0
11116,11,16,0,-,78,57,36,31,41,41,66,66,56,41,57,26,52,26,21,0,0,0,0,0,0,0,0,0,0
11117,11,17,0,-,80,58,36,31,41,41,66,66,56,41,58,26,53,26,21,0,0,0,0,0,0,0,0,0,0
11118,11,18,0,-,81,60,37,32,42,42,67,67,57,42,60,27,55,27,22,0,0,0,0,0,0,0,0,0,0
11119,11,19,0,-,82,61,37,32,42,42,67,67,57,42,61,27,56,27,22,0,0,0,0,0,0,0,0,0,0
11120,11,20,0,-,83,54,49,34,54,44,69,69,59,59,74,19,49,29,14,0,0,0,0,0,0,0,0,0,0
11121,11,21,0,-,84,54,50,34,54,44,69,69,59,60,75,19,49,29,14,0,0,0,0,0,0,0,0,0,0
11122,11,22,0,-,85,55,52,35,55,45,70,70,60,62,77,20,50,30,15,0,0,0,0,0,0,0,0,0,0
11123,11,23,0,-,86,55,53,35,55,45,70,70,60,63,78,20,50,30,15,0,0,0,0,0,0,0,0,0,0
11124,11,24,0,-,87,56,55,36,56,46,71,71,61,65,80,21,51,31,16,0,0,0,0,0,0,0,0,0,0
11125,11,25,0,-,89,57,57,37,57,47,72,72,62,67,82,22,52,32,17,0,0,0,0,0,0,0,0,0,0
11126,11,26,0,-,90,58,59,38,58,48,73,73,63,69,84,23,53,33,18,0,0,0,0,0,0,0,0,0,0
11127,11,27,0,-,91,58,60,38,58,48,73,73,63,70,85,23,53,33,18,0,0,0,0,0,0,0,0,0,0
11128,11,28,0,-,92,59,62,39,59,49,74,74,64,72,87,24,54,34,19,0,0,0,0,0,0,0,0,0,0
11129,11,29,0,-,93,59,63,39,59,49,74,74,64,73,88,24,54,34,19,0,0,0,0,0,0,0,0,0,0
11130,11,30,0,-,95,61,66,41,61,51,76,76,66,76,91,26,56,36,21,0,0,0,0,0,0,0,0,0,0
11131,11,31,0,-,96,61,67,41,61,51,76,76,66,77,92,26,56,36,21,0,0,0,0,0,0,0,0,0,0
11132,11,32,0,-,97,62,69,42,62,52,77,77,67,79,94,27,57,37,22,0,0,0,0,0,0,0,0,0,0
11133,11,33,0,-,98,63,70,43,63,53,78,78,68,80,95,28,58,38,23,0,0,0,0,0,0,0,0,0,0
11134,11,34,0,-,100,65,73,45,65,55,80,80,70,83,98,30,60,40,25,0,0,0,0,0,0,0,0,0,0
11135,11,35,0,-,101,66,74,46,66,56,81,81,71,84,99,31,61,41,26,0,0,0,0,0,0,0,0,0,0
11136,11,36,0,-,102,67,76,47,67,57,82,82,72,86,101,32,62,42,27,0,0,0,0,0,0,0,0,0,0
11137,11,37,0,-,103,68,77,48,68,58,83,83,73,87,102,33,63,43,28,0,0,0,0,0,0,0,0,0,0
11138,11,38,0,-,105,70,80,50,70,60,85,85,75,90,105,35,65,45,30,0,0,0,0,0,0,0,0,0,0
11139,11,39,0,-,106,71,81,51,71,61,86,86,76,91,106,36,66,46,31,0,0,0,0,0,0,0,0,0,0
11140,11,40,0,-,107,72,83,52,72,62,87,87,77,93,108,37,67,47,32,0,0,0,0,0,0,0,0,0,0
11141,11,41,0,-,108,73,84,53,73,63,88,88,78,94,109,38,68,48,33,0,0,0,0,0,0,0,0,0,0
11142,11,42,0,-,110,75,87,55,75,65,90,90,80,97,112,40,70,50,35,0,0,0,0,0,0,0,0,0,0
11143,11,43,0,-,111,76,88,56,76,66,91,91,81,98,113,41,71,51,36,0,0,0,0,0,0,0,0,0,0
11144,11,44,0,-,112,77,90,57,77,67,92,92,82,100,115,42,72,52,37,0,0,0,0,0,0,0,0,0,0
11145,11,45,0,-,113,78,91,58,78,68,93,93,83,101,116,43,73,53,38,0,0,0,0,0,0,0,0,0,0
11146,11,46,0,-,115,80,94,60,80,70,95,95,85,104,119,45,75,55,40,0,0,0,0,0,0,0,0,0,0
11147,11,47,0,-,116,81,95,61,81,71,96,96,86,105,120,46,76,56,41,0,0,0,0,0,0,0,0,0,0
11148,11,48,0,-,117,82,97,62,82,72,97,97,87,107,122,47,77,57,42,0,0,0,0,0,0,0,0,0,0
11149,11,49,0,-,118,83,98,63,83,73,98,98,88,108,123,48,78,58,43,0,0,0,0,0,0,0,0,0,0
11150,11,50,0,-,120,85,101,65,85,75,100,100,90,111,126,50,80,60,45,0,0,0,0,0,0,0,0,0,0
11201,12,1,0,-,65,80,80,80,80,80,80,80,80,80,80,80,80,80,80,0,0,0,0,0,0,0,0,0,0
11202,12,2,0,-,65,80,80,80,80,80,80,80,80,80,80,80,80,80,80,0,0,0,0,0,0,0,0,0,0
11203,12,3,0,-,65,80,80,80,80,80,80,80,80,80,80,80,80,80,80,0,0,0,0,0,0,0,0,0,0
11204,12,4,0,-,65,80,80,80,80,80,80,80,80,80,80,80,80,80,80,0,0,0,0,0,0,0,0,0,0
11205,12,5,0,-,65,80,80,80,80,80,80,80,80,80,80,80,80,80,80,0,0,0,0,0,0,0,0,0,0
11206,12,6,0,-,66,80,80,80,80,80,80,80,80,80,80,80,80,80,80,0,0,0,0,0,0,0,0,0,0
11207,12,7,0,-,66,80,80,80,80,80,80,80,80,80,80,80,80,80,80,0,0,0,0,0,0,0,0,0,0
11208,12,8,0,-,66,80,80,80,80,80,80,80,80,80,80,80,80,80,80,0,0,0,0,0,0,0,0,0,0
11209,12,9,0,-,66,80,80,80,80,80,80,80,80,80,80,80,80,80,80,0,0,0,0,0,0,0,0,0,0
11210,12,10,0,-,68,47,32,27,37,37,62,62,52,37,47,22,42,22,17,0,0,0,0,0,0,0,0,0,0
11211,12,11,0,-,70,48,32,27,37,37,62,62,52,37,48,22,43,22,17,0,0,0,0,0,0,0,0,0,0
11212,12,12,0,-,72,50,33,28,38,38,63,63,53,38,50,23,45,23,18,0,0,0,0,0,0,0,0,0,0
11213,12,13,0,-,73,51,33,28,38,38,63,63,53,38,51,23,46,23,18,0,0,0,0,0,0,0,0,0,0
11214,12,14,0,-,75,53,34,29,39,39,64,64,54,39,53,24,48,24,19,0,0,0,0,0,0,0,0,0,0
11215,12,15,0,-,77,55,35,30,40,40,65,65,55,40,55,25,50,25,20,0,0,0,0,0,0,0,0,0,0
11216,12,16,0,-,78,57,36,31,41,41,66,66,56,41,57,26,52,26,21,0,0,0,0,0,0,0,0,0,0
11217,12,17,0,-,80,58,36,31,41,41,66,66,56,41,58,26,53,26,21,0,0,0,0,0,0,0,0,0,0
11218,12,18,0,-,81,60,37,32,42,42,67,67,57,42,60,27,55,27,22,0,0,0,0,0,0,0,0,0,0
11219,12,19,0,-,82,61,37,32,42,42,67,67,57,42,61,27,56,27,22,0,0,0,0,0,0,0,0,0,0
11220,12,20,0,-,83,64,39,34,54,44,69,74,59,44,74,19,59,29,14,0,0,0,0,0,0,0,0,0,0
11221,12,21,0,-,84,65,39,34,54,44,69,74,59,44,75,19,60,29,14,0,0,0,0,0,0,0,0,0,0
11222,12,22,0,-,85,67,40,35,55,45,70,75,60,45,77,20,62,30,15,0,0,0,0,0,0,0,0,0,0
11223,12,23,0,-,86,68,40,35,55,45,70,75,60,45,78,20,63,30,15,0,0,0,0,0,0,0,0,0,0
11224,12,24,0,-,87,70,41,36,56,46,71,76,61,46,80,21,65,31,16,0,0,0,0,0,0,0,0,0,0
11225,12,25,0,-,89,72,42,37,57,47,72,77,62,47,82,22,67,32,17,0,0,0,0,0,0,0,0,0,0
11226,12,26,0,-,90,74,43,38,58,48,73,78,63,48,84,23,69,33,18,0,0,0,0,0,0,0,0,0,0
11227,12,27,0,-,91,75,43,38,58,48,73,78,63,48,85,23,70,33,18,0,0,0,0,0,0,0,0,0,0
11228,12,28,0,-,92,77,44,39,59,49,74,79,64,49,87,24,72,34,19,0,0,0,0,0,0,0,0,0,0
11229,12,29,0,-,93,78,44,39,59,49,74,79,64,49,88,24,73,34,19,0,0,0,0,0,0,0,0,0,0
11230,12,30,0,-,95,81,46,41,61,51,76,81,66,51,91,26,76,36,21,0,0,0,0,0,0,0,0,0,0
11231,12,31,0,-,96,82,46,41,61,51,76,81,66,51,92,26,77,36,21,0,0,0,0,0,0,0,0,0,0
11232,12,32,0,-,97,84,47,42,62,52,77,82,67,52,94,27,79,37,22,0,0,0,0,0,0,0,0,0,0
11233,12,33,0,-,98,85,48,43,63,53,78,83,68,53,95,28,80,38,23,0,0,0,0,0,0,0,0,0,0
11234,12,34,0,-,100,88,50,45,65,55,80,85,70,55,98,30,83,40,25,0,0,0,0,0,0,0,0,0,0
11235,12,35,0,-,101,89,51,46,66,56,81,86,71,56,99,31,84,41,26,0,0,0,0,0,0,0,0,0,0
11236,12,36,0,-,102,91,52,47,67,57,82,87,72,57,101,32,86,42,27,0,0,0,0,0,0,0,0,0,0
11237,12,37,0,-,103,92,53,48,68,58,83,88,73,58,102,33,87,43,28,0,0,0,0,0,0,0,0,0,0
11238,12,38,0,-,105,95,55,50,70,60,85,90,75,60,105,35,90,45,30,0,0,0,0,0,0,0,0,0,0
11239,12,39,0,-,106,96,56,51,71,61,86,91,76,61,106,36,91,46,31,0,0,0,0,0,0,0,0,0,0
11240,12,40,0,-,107,98,57,52,72,62,87,92,77,62,108,37,93,47,32,0,0,0,0,0,0,0,0,0,0
11241,12,41,0,-,108,99,58,53,73,63,88,93,78,63,109,38,94,48,33,0,0,0,0,0,0,0,0,0,0
11242,12,42,0,-,110,102,60,55,75,65,90,95,80,65,112,40,97,50,35,0,0,0,0,0,0,0,0,0,0
11243,12,43,0,-,111,103,61,56,76,66,91,96,81,66,113,41,98,51,36,0,0,0,0,0,0,0,0,0,0
11244,12,44,0,-,112,105,62,57,77,67,92,97,82,67,115,42,100,52,37,0,0,0,0,0,0,0,0,0,0
11245,12,45,0,-,113,106,63,58,78,68,93,98,83,68,116,43,101,53,38,0,0,0,0,0,0,0,0,0,0
11246,12,46,0,-,115,109,65,60,80,70,95,100,85,70,119,45,104,55,40,0,0,0,0,0,0,0,0,0,0
11247,12,47,0,-,116,110,66,61,81,71,96,101,86,71,120,46,105,56,41,0,0,0,0,0,0,0,0,0,0
11248,12,48,0,-,117,112,67,62,82,72,97,102,87,72,122,47,107,57,42,0,0,0,0,0,0,0,0,0,0
11249,12,49,0,-,118,113,68,63,83,73,98,103,88,73,123,48,108,58,43,0,0,0,0,0,0,0,0,0,0
11250,12,50,0,-,120,116,70,65,85,75,100,105,90,75,126,50,111,60,45,0,0,0,0,0,0,0,0,0,0
11301,13,1,0,-,65,80,80,80,80,80,80,80,80,80,80,80,80,80,80,0,0,0,0,0,0,0,0,0,0
11302,13,2,0,-,65,80,80,80,80,80,80,80,80,80,80,80,80,80,80,0,0,0,0,0,0,0,0,0,0
11303,13,3,0,-,65,80,80,80,80,80,80,80,80,80,80,80,80,80,80,0,0,0,0,0,0,0,0,0,0
11304,13,4,0,-,65,80,80,80,80,80,80,80,80,80,80,80,80,80,80,0,0,0,0,0,0,0,0,0,0
11305,13,5,0,-,65,80,80,80,80,80,80,80,80,80,80,80,80,80,80,0,0,0,0,0,0,0,0,0,0
11306,13,6,0,-,66,80,80,80,80,80,80,80,80,80,80,80,80,80,80,0,0,0,0,0,0,0,0,0,0
11307,13,7,0,-,66,80,80,80,80,80,80,80,80,80,80,80,80,80,80,0,0,0,0,0,0,0,0,0,0
11308,13,8,0,-,66,80,80,80,80,80,80,80,80,80,80,80,80,80,80,0,0,0,0,0,0,0,0,0,0
11309,13,9,0,-,66,80,80,80,80,80,80,80,80,80,80,80,80,80,80,0,0,0,0,0,0,0,0,0,0
11310,13,10,0,-,68,47,32,27,37,37,62,62,52,37,47,22,42,22,17,0,0,0,0,0,0,0,0,0,0
11311,13,11,0,-,70,48,32,27,37,37,62,62,52,37,48,22,43,22,17,0,0,0,0,0,0,0,0,0,0
11312,13,12,0,-,72,50,33,28,38,38,63,63,53,38,50,23,45,23,18,0,0,0,0,0,0,0,0,0,0
11313,13,13,0,-,73,51,33,28,38,38,63,63,53,38,51,23,46,23,18,0,0,0,0,0,0,0,0,0,0
11314,13,14,0,-,75,53,34,29,39,39,64,64,54,39,53,24,48,24,19,0,0,0,0,0,0,0,0,0,0
11315,13,15,0,-,77,55,35,30,40,40,65,65,55,40,55,25,50,25,20,0,0,0,0,0,0,0,0,0,0
11316,13,16,0,-,78,57,36,31,41,41,66,66,56,41,57,26,52,26,21,0,0,0,0,0,0,0,0,0,0
11317,13,17,0,-,80,58,36,31,41,41,66,66,56,41,58,26,53,26,21,0,0,0,0,0,0,0,0,0,0
11318,13,18,0,-,81,60,37,32,42,42,67,67,57,42,60,27,55,27,22,0,0,0,0,0,0,0,0,0,0
11319,13,19,0,-,82,61,37,32,42,42,67,67,57,42,61,27,56,27,22,0,0,0,0,0,0,0,0,0,0
11320,13,20,0,-,83,64,49,34,44,49,79,69,59,44,64,19,59,29,14,0,0,0,0,0,0,0,0,0,0
11321,13,21,0,-,84,65,50,34,44,49,79,69,59,44,65,19,59,29,14,0,0,0,0,0,0,0,0,0,0
11322,13,22,0,-,85,67,52,35,45,50,80,70,60,45,67,20,60,30,15,0,0,0,0,0,0,0,0,0,0
11323,13,23,0,-,86,68,53,35,45,50,80,70,60,45,68,20,60,30,15,0,0,0,0,0,0,0,0,0,0
11324,13,24,0,-,87,70,55,36,46,51,81,71,61,46,70,21,61,31,16,0,0,0,0,0,0,0,0,0,0
11325,13,25,0,-,89,72,57,37,47,52,82,72,62,47,72,22,62,32,17,0,0,0,0,0,0,0,0,0,0
11326,13,26,0,-,90,74,59,38,48,53,83,73,63,48,74,23,63,33,18,0,0,0,0,0,0,0,0,0,0
11327,13,27,0,-,91,75,60,38,48,53,83,73,63,48,75,23,63,33,18,0,0,0,0,0,0,0,0,0,0
11328,13,28,0,-,92,77,62,39,49,54,84,74,64,49,77,24,64,34,19,0,0,0,0,0,0,0,0,0,0
11329,13,29,0,-,93,78,63,39,49,54,84,74,64,49,78,24,64,34,19,0,0,0,0,0,0,0,0,0,0
11330,13,30,0,-,95,81,66,41,51,56,86,76,66,51,81,26,66,36,21,0,0,0,0,0,0,0,0,0,0
11331,13,31,0,-,96,82,67,41,51,56,86,76,66,51,82,26,66,36,21,0,0,0,0,0,0,0,0,0,0
11332,13,32,0,-,97,84,69,42,52,57,87,77,67,52,84,27,67,37,22,0,0,0,0,0,0,0,0,0,0
11333,13,33,0,-,98,85,70,43,53,58,88,78,68,53,85,28,68,38,23,0,0,0,0,0,0,0,0,0,0
11334,13,34,0,-,100,88,73,45,55,60,90,80,70,55,88,30,70,40,25,0,0,0,0,0,0,0,0,0,0
11335,13,35,0,-,101,89,74,46,56,61,91,81,71,56,89,31,71,41,26,0,0,0,0,0,0,0,0,0,0
11336,13,36,0,-,102,91,76,47,57,62,92,82,72,57,91,32,72,42,27,0,0,0,0,0,0,0,0,0,0
11337,13,37,0,-,103,92,77,48,58,63,93,83,73,58,92,33,73,43,28,0,0,0,0,0,0,0,0,0,0
11338,13,38,0,-,105,95,80,50,60,65,95,85,75,60,95,35,75,45,30,0,0,0,0,0,0,0,0,0,0
11339,13,39,0,-,106,96,81,51,61,66,96,86,76,61,96,36,76,46,31,0,0,0,0,0,0,0,0,0,0
11340,13,40,0,-,107,98,83,52,62,67,97,87,77,62,98,37,77,47,32,0,0,0,0,0,0,0,0,0,0
11341,13,41,0,-,108,99,84,53,63,68,98,88,78,63,99,38,78,48,33,0,0,0,0,0,0,0,0,0,0
11342,13,42,0,-,110,102,87,55,65,70,100,90,80,65,102,40,80,50,35,0,0,0,0,0,0,0,0,0,0
11343,13,43,0,-,111,103,88,56,66,71,101,91,81,66,103,41,81,51,36,0,0,0,0,0,0,0,0,0,0
11344,13,44,0,-,112,105,90,57,67,72,102,92,82,67,105,42,82,52,37,0,0,0,0,0,0,0,0,0,0
11345,13,45,0,-,113,106,91,58,68,73,103,93,83,68,106,43,83,53,38,0,0,0,0,0,0,0,0,0,0
11346,13,46,0,-,115,109,94,60,70,75,105,95,85,70,109,45,85,55,40,0,0,0,0,0,0,0,0,0,0
11347,13,47,0,-,116,110,95,61,71,76,106,96,86,71,110,46,86,56,41,0,0,0,0,0,0,0,0,0,0
11348,13,48,0,-,117,112,97,62,72,77,107,97,87,72,112,47,87,57,42,0,0,0,0,0,0,0,0,0,0
11349,13,49,0,-,118,113,98,63,73,78,108,98,88,73,113,48,88,58,43,0,0,0,0,0,0,0,0,0,0
11350,13,50,0,-,120,116,101,65,75,80,110,100,90,75,116,50,90,60,45,0,0,0,0,0,0,0,0,0,0
11401,14,1,0,-,65,80,80,80,80,80,80,80,80,80,80,80,80,80,80,0,0,0,0,0,0,0,0,0,0
11402,14,2,0,-,65,80,80,80,80,80,80,80,80,80,80,80,80,80,80,0,0,0,0,0,0,0,0,0,0
11403,14,3,0,-,65,80,80,80,80,80,80,80,80,80,80,80,80,80,80,0,0,0,0,0,0,0,0,0,0
11404,14,4,0,-,65,80,80,80,80,80,80,80,80,80,80,80,80,80,80,0,0,0,0,0,0,0,0,0,0
11405,14,5,0,-,65,80,80,80,80,80,80,80,80,80,80,80,80,80,80,0,0,0,0,0,0,0,0,0,0
11406,14,6,0,-,66,80,80,80,80,80,80,80,80,80,80,80,80,80,80,0,0,0,0,0,0,0,0,0,0
11407,14,7,0,-,66,80,80,80,80,80,80,80,80,80,80,80,80,80,80,0,0,0,0,0,0,0,0,0,0
11408,14,8,0,-,66,80,80,80,80,80,80,80,80,80,80,80,80,80,80,0,0,0,0,0,0,0,0,0,0
11409,14,9,0,-,66,80,80,80,80,80,80,80,80,80,80,80,80,80,80,0,0,0,0,0,0,0,0,0,0
11410,14,10,0,-,68,47,32,27,37,37,62,62,52,37,47,22,42,22,17,0,0,0,0,0,0,0,0,0,0
11411,14,11,0,-,70,48,32,27,37,37,62,62,52,37,48,22,43,22,17,0,0,0,0,0,0,0,0,0,0
11412,14,12,0,-,72,50,33,28,38,38,63,63,53,38,50,23,45,23,18,0,0,0,0,0,0,0,0,0,0
11413,14,13,0,-,73,51,33,28,38,38,63,63,53,38,51,23,46,23,18,0,0,0,0,0,0,0,0,0,0
11414,14,14,0,-,75,53,34,29,39,39,64,64,54,39,53,24,48,24,19,0,0,0,0,0,0,0,0,0,0
11415,14,15,0,-,77,55,35,30,40,40,65,65,55,40,55,25,50,25,20,0,0,0,0,0,0,0,0,0,0
11416,14,16,0,-,78,57,36,31,41,41,66,66,56,41,57,26,52,26,21,0,0,0,0,0,0,0,0,0,0
11417,14,17,0,-,80,58,36,31,41,41,66,66,56,41,58,26,53,26,21,0,0,0,0,0,0,0,0,0,0
11418,14,18,0,-,81,60,37,32,42,42,67,67,57,42,60,27,55,27,22,0,0,0,0,0,0,0,0,0,0
11419,14,19,0,-,82,61,37,32,42,42,67,67,57,42,61,27,56,27,22,0,0,0,0,0,0,0,0,0,0
11420,14,20,0,-,83,54,39,44,44,44,69,79,59,44,74,44,39,29,14,0,0,0,0,0,0,0,0,0,0
11421,14,21,0,-,84,54,39,45,44,44,69,79,59,44,75,45,39,29,14,0,0,0,0,0,0,0,0,0,0
11422,14,22,0,-,85,55,40,47,45,45,70,80,60,45,77,47,40,30,15,0,0,0,0,0,0,0,0,0,0
11423,14,23,0,-,86,55,40,48,45,45,70,80,60,45,78,48,40,30,15,0,0,0,0,0,0,0,0,0,0
11424,14,24,0,-,87,56,41,50,46,46,71,81,61,46,80,50,41,31,16,0,0,0,0,0,0,0,0,0,0
11425,14,25,0,-,89,57,42,52,47,47,72,82,62,47,82,52,42,32,17,0,0,0,0,0,0,0,0,0,0
11426,14,26,0,-,90,58,43,54,48,48,73,83,63,48,84,54,43,33,18,0,0,0,0,0,0,0,0,0,0
11427,14,27,0,-,91,58,43,55,48,48,73,83,63,48,85,55,43,33,18,0,0,0,0,0,0,0,0,0,0
11428,14,28,0,-,92,59,44,57,49,49,74,84,64,49,87,57,44,34,19,0,0,0,0,0,0,0,0,0,0
11429,14,29,0,-,93,59,44,58,49,49,74,84,64,49,88,58,44,34,19,0,0,0,0,0,0,0,0,0,0
11430,14,30,0,-,95,61,46,61,51,51,76,86,66,51,91,61,46,36,21,0,0,0,0,0,0,0,0,0,0
11431,14,31,0,-,96,61,46,62,51,51,76,86,66,51,92,62,46,36,21,0,0,0,0,0,0,0,0,0,0
11432,14,32,0,-,97,62,47,64,52,52,77,87,67,52,94,64,47,37,22,0,0,0,0,0,0,0,0,0,0
11433,14,33,0,-,98,63,48,65,53,53,78,88,68,53,95,65,48,38,23,0,0,0,0,0,0,0,0,0,0
11434,14,34,0,-,100,65,50,68,55,55,80,90,70,55,98,68,50,40,25,0,0,0,0,0,0,0,0,0,0
11435,14,35,0,-,101,66,51,69,56,56,81,91,71,56,99,69,51,41,26,0,0,0,0,0,0,0,0,0,0
11436,14,36,0,-,102,67,52,71,57,57,82,92,72,57,101,71,52,42,27,0,0,0,0,0,0,0,0,0,0
11437,14,37,0,-,103,68,53,72,58,58,83,93,73,58,102,72,53,43,28,0,0,0,0,0,0,0,0,0,0
11438,14,38,0,-,105,70,55,75,60,60,85,95,75,60,105,75,55,45,30,0,0,0,0,0,0,0,0,0,0
11439,14,39,0,-,106,71,56,76,61,61,86,96,76,61,106,76,56,46,31,0,0,0,0,0,0,0,0,0,0
11440,14,40,0,-,107,72,57,78,62,62,87,97,77,62,108,78,57,47,32,0,0,0,0,0,0,0,0,0,0
11441,14,41,0,-,108,73,58,79,63,63,88,98,78,63,109,79,58,48,33,0,0,0,0,0,0,0,0,0,0
11442,14,42,0,-,110,75,60,82,65,65,90,100,80,65,112,82,60,50,35,0,0,0,0,0,0,0,0,0,0
11443,14,43,0,-,111,76,61,83,66,66,91,101,81,66,113,83,61,51,36,0,0,0,0,0,0,0,0,0,0
11444,14,44,0,-,112,77,62,85,67,67,92,102,82,67,115,85,62,52,37,0,0,0,0,0,0,0,0,0,0
11445,14,45,0,-,113,78,63,86,68,68,93,103,83,68,116,86,63,53,38,0,0,0,0,0,0,0,0,0,0
11446,14,46,0,-,115,80,65,89,70,70,95,105,85,70,119,89,65,55,40,0,0,0,0,0,0,0,0,0,0
11447,14,47,0,-,116,81,66,90,71,71,96,106,86,71,120,90,66,56,41,0,0,0,0,0,0,0,0,0,0
11448,14,48,0,-,117,82,67,92,72,72,97,107,87,72,122,92,67,57,42,0,0,0,0,0,0,0,0,0,0
11449,14,49,0,-,118,83,68,93,73,73,98,108,88,73,123,93,68,58,43,0,0,0,0,0,0,0,0,0,0
11450,14,50,0,-,120,85,70,96,75,75,100,110,90,75,126,96,70,60,45,0,0,0,0,0,0,0,0,0,0
12001,20,1,0,-,65,80,80,80,80,80,80,80,80,80,80,80,80,80,80,0,0,0,0,0,0,0,0,0,0
12002,20,2,0,-,65,80,80,80,80,80,80,80,80,80,80,80,80,80,80,0,0,0,0,0,0,0,0,0,0
12003,20,3,0,-,65,80,80,80,80,80,80,80,80,80,80,80,80,80,80,0,0,0,0,0,0,0,0,0,0
12004,20,4,0,-,65,80,80,80,80,80,80,80,80,80,80,80,80,80,80,0,0,0,0,0,0,0,0,0,0
12005,20,5,0,-,65,80,80,80,80,80,80,80,80,80,80,80,80,80,80,0,0,0,0,0,0,0,0,0,0
12006,20,6,0,-,66,80,80,80,80,80,80,80,80,80,80,80,80,80,80,0,0,0,0,0,0,0,0,0,0
12007,20,7,0,-,66,80,80,80,80,80,80,80,80,80,80,80,80,80,80,0,0,0,0,0,0,0,0,0,0
12008,20,8,0,-,66,80,80,80,80,80,80,80,80,80,80,80,80,80,80,0,0,0,0,0,0,0,0,0,0
12009,20,9,0,-,66,80,80,80,80,80,80,80,80,80,80,80,80,80,80,0,0,0,0,0,0,0,0,0,0
12010,20,10,0,-,67,32,47,32,27,32,62,67,62,22,22,47,32,37,22,0,0,0,0,0,0,0,0,0,0
12011,20,11,0,-,67,32,48,32,27,32,62,67,62,22,22,48,32,38,22,0,0,0,0,0,0,0,0,0,0
12012,20,12,0,-,68,33,50,33,28,33,63,68,63,23,23,50,33,40,23,0,0,0,0,0,0,0,0,0,0
12013,20,13,0,-,68,33,51,33,28,33,63,68,63,23,23,51,33,41,23,0,0,0,0,0,0,0,0,0,0
12014,20,14,0,-,69,34,53,34,29,34,64,69,64,24,24,53,34,43,24,0,0,0,0,0,0,0,0,0,0
12015,20,15,0,-,70,35,55,35,30,35,65,70,65,25,25,55,35,45,25,0,0,0,0,0,0,0,0,0,0
12016,20,16,0,-,71,36,57,36,31,36,66,71,66,26,26,57,36,47,26,0,0,0,0,0,0,0,0,0,0
12017,20,17,0,-,71,36,58,36,31,36,66,71,66,26,26,58,36,48,26,0,0,0,0,0,0,0,0,0,0
12018,20,18,0,-,72,37,60,37,32,37,67,72,67,27,27,60,37,50,27,0,0,0,0,0,0,0,0,0,0
12019,20,19,0,-,72,37,61,37,32,37,67,72,67,27,27,61,37,51,27,0,0,0,0,0,0,0,0,0,0
12020,20,20,0,-,73,39,65,39,34,39,69,74,69,29,29,65,39,55,29,0,0,0,0,0,0,0,0,0,0
12021,20,21,0,-,73,39,66,39,34,39,69,74,69,29,29,66,39,56,29,0,0,0,0,0,0,0,0,0,0
12022,20,22,0,-,74,40,68,40,35,40,70,75,70,30,30,68,40,58,30,0,0,0,0,0,0,0,0,0,0
12023,20,23,0,-,74,40,69,40,35,40,70,75,70,30,30,69,40,59,30,0,0,0,0,0,0,0,0,0,0
12024,20,24,0,-,75,41,71,41,36,41,71,76,71,31,31,71,41,61,31,0,0,0,0,0,0,0,0,0,0
12025,20,25,0,-,76,42,73,42,37,42,72,77,72,32,32,73,42,63,32,0,0,0,0,0,0,0,0,0,0
12026,20,26,0,-,77,43,75,43,38,43,73,78,73,33,33,75,43,65,33,0,0,0,0,0,0,0,0,0,0
12027,20,27,0,-,77,43,76,43,38,43,73,78,73,33,33,76,43,66,33,0,0,0,0,0,0,0,0,0,0
12028,20,28,0,-,78,44,78,44,39,44,74,79,74,34,34,78,44,68,34,0,0,0,0,0,0,0,0,0,0
12029,20,29,0,-,78,44,79,44,39,44,74,79,74,34,34,79,44,69,34,0,0,0,0,0,0,0,0,0,0
12030,20,30,0,-,80,46,82,46,41,46,76,81,76,36,36,82,46,72,36,0,0,0,0,0,0,0,0,0,0
12031,20,31,0,-,80,46,84,46,41,46,76,81,76,36,36,84,46,74,36,0,0,0,0,0,0,0,0,0,0
12032,20,32,0,-,81,47,86,47,42,47,77,82,77,37,37,86,47,76,37,0,0,0,0,0,0,0,0,0,0
12033,20,33,0,-,82,48,87,48,43,48,78,83,78,38,38,87,48,77,38,0,0,0,0,0,0,0,0,0,0
12034,20,34,0,-,84,50,90,50,45,50,80,85,80,40,40,90,50,80,40,0,0,0,0,0,0,0,0,0,0
12035,20,35,0,-,85,51,91,51,46,51,81,86,81,41,41,91,51,81,41,0,0,0,0,0,0,0,0,0,0
12036,20,36,0,-,86,52,93,52,47,52,82,87,82,42,42,93,52,83,42,0,0,0,0,0,0,0,0,0,0
12037,20,37,0,-,87,53,94,53,48,53,83,88,83,43,43,94,53,84,43,0,0,0,0,0,0,0,0,0,0
12038,20,38,0,-,89,55,97,55,50,55,85,90,85,45,45,97,55,87,45,0,0,0,0,0,0,0,0,0,0
12039,20,39,0,-,90,56,98,56,51,56,86,91,86,46,46,98,56,88,46,0,0,0,0,0,0,0,0,0,0
12040,20,40,0,-,91,57,101,57,52,57,87,92,87,47,47,101,57,91,47,0,0,0,0,0,0,0,0,0,0
12041,20,41,0,-,92,58,102,58,53,58,88,93,88,48,48,102,58,92,48,0,0,0,0,0,0,0,0,0,0
12042,20,42,0,-,94,60,105,60,55,60,90,95,90,50,50,105,60,95,50,0,0,0,0,0,0,0,0,0,0
12043,20,43,0,-,95,61,106,61,56,61,91,96,91,51,51,106,61,96,51,0,0,0,0,0,0,0,0,0,0
12044,20,44,0,-,96,62,108,62,57,62,92,97,92,52,52,108,62,98,52,0,0,0,0,0,0,0,0,0,0
12045,20,45,0,-,97,63,109,63,58,63,93,98,93,53,53,109,63,99,53,0,0,0,0,0,0,0,0,0,0
12046,20,46,0,-,99,65,112,65,60,65,95,100,95,55,55,112,65,102,55,0,0,0,0,0,0,0,0,0,0
12047,20,47,0,-,100,66,113,66,61,66,96,101,96,56,56,113,66,103,56,0,0,0,0,0,0,0,0,0,0
12048,20,48,0,-,101,67,115,67,62,67,97,102,97,57,57,115,67,105,57,0,0,0,0,0,0,0,0,0,0
12049,20,49,0,-,102,68,116,68,63,68,98,103,98,58,58,116,68,106,58,0,0,0,0,0,0,0,0,0,0
12050,20,50,0,-,104,70,119,70,65,70,100,105,100,60,60,119,70,109,60,0,0,0,0,0,0,0,0,0,0
12101,21,1,0,-,65,80,80,80,80,80,80,80,80,80,80,80,80,80,80,0,0,0,0,0,0,0,0,0,0
12102,21,2,0,-,65,80,80,80,80,80,80,80,80,80,80,80,80,80,80,0,0,0,0,0,0,0,0,0,0
12103,21,3,0,-,65,80,80,80,80,80,80,80,80,80,80,80,80,80,80,0,0,0,0,0,0,0,0,0,0
12104,21,4,0,-,65,80,80,80,80,80,80,80,80,80,80,80,80,80,80,0,0,0,0,0,0,0,0,0,0
12105,21,5,0,-,65,80,80,80,80,80,80,80,80,80,80,80,80,80,80,0,0,0,0,0,0,0,0,0,0
12106,21,6,0,-,66,80,80,80,80,80,80,80,80,80,80,80,80,80,80,0,0,0,0,0,0,0,0,0,0
12107,21,7,0,-,66,80,80,80,80,80,80,80,80,80,80,80,80,80,80,0,0,0,0,0,0,0,0,0,0
12108,21,8,0,-,66,80,80,80,80,80,80,80,80,80,80,80,80,80,80,0,0,0,0,0,0,0,0,0,0
12109,21,9,0,-,66,80,80,80,80,80,80,80,80,80,80,80,80,80,80,0,0,0,0,0,0,0,0,0,0
12110,21,10,0,-,68,32,47,32,27,32,62,67,62,22,22,47,32,37,22,0,0,0,0,0,0,0,0,0,0
12111,21,11,0,-,70,32,48,32,27,32,62,67,62,22,22,48,32,38,22,0,0,0,0,0,0,0,0,0,0
12112,21,12,0,-,72,33,50,33,28,33,63,68,63,23,23,50,33,40,23,0,0,0,0,0,0,0,0,0,0
12113,21,13,0,-,73,33,51,33,28,33,63,68,63,23,23,51,33,41,23,0,0,0,0,0,0,0,0,0,0
12114,21,14,0,-,75,34,53,34,29,34,64,69,64,24,24,53,34,43,24,0,0,0,0,0,0,0,0,0,0
12115,21,15,0,-,77,35,55,35,30,35,65,70,65,25,25,55,35,45,25,0,0,0,0,0,0,0,0,0,0
12116,21,16,0,-,78,36,57,36,31,36,66,71,66,26,26,57,36,47,26,0,0,0,0,0,0,0,0,0,0
12117,21,17,0,-,80,36,58,36,31,36,66,71,66,26,26,58,36,48,26,0,0,0,0,0,0,0,0,0,0
12118,21,18,0,-,81,37,60,37,32,37,67,72,67,27,27,60,37,50,27,0,0,0,0,0,0,0,0,0,0
12119,21,19,0,-,82,37,61,37,32,37,67,72,67,27,27,61,37,51,27,0,0,0,0,0,0,0,0,0,0
12120,21,20,0,-,83,49,54,49,24,39,69,74,69,29,34,74,49,44,19,0,0,0,0,0,0,0,0,0,0
12121,21,21,0,-,84,50,54,49,24,39,69,74,69,29,34,75,50,44,19,0,0,0,0,0,0,0,0,0,0
12122,21,22,0,-,85,52,55,50,25,40,70,75,70,30,35,77,52,45,20,0,0,0,0,0,0,0,0,0,0
12123,21,23,0,-,86,53,55,50,25,40,70,75,70,30,35,78,53,45,20,0,0,0,0,0,0,0,0,0,0
12124,21,24,0,-,87,55,56,51,26,41,71,76,71,31,36,80,55,46,21,0,0,0,0,0,0,0,0,0,0
12125,21,25,0,-,89,57,57,52,27,42,72,77,72,32,37,82,57,47,22,0,0,0,0,0,0,0,0,0,0
12126,21,26,0,-,90,59,58,53,28,43,73,78,73,33,38,84,59,48,23,0,0,0,0,0,0,0,0,0,0
12127,21,27,0,-,91,60,58,53,28,43,73,78,73,33,38,85,60,48,23,0,0,0,0,0,0,0,0,0,0
12128,21,28,0,-,92,62,59,54,29,44,74,79,74,34,39,87,62,49,24,0,0,0,0,0,0,0,0,0,0
12129,21,29,0,-,93,63,59,54,29,44,74,79,74,34,39,88,63,49,24,0,0,0,0,0,0,0,0,0,0
12130,21,30,0,-,95,66,61,56,31,46,76,81,76,36,41,91,66,51,26,0,0,0,0,0,0,0,0,0,0
12131,21,31,0,-,96,67,61,56,31,46,76,81,76,36,41,92,67,51,26,0,0,0,0,0,0,0,0,0,0
12132,21,32,0,-,97,69,62,57,32,47,77,82,77,37,42,94,69,52,27,0,0,0,0,0,0,0,0,0,0
12133,21,33,0,-,98,70,63,58,33,48,78,83,78,38,43,95,70,53,28,0,0,0,0,0,0,0,0,0,0
12134,21,34,0,-,100,73,65,60,35,50,80,85,80,40,45,98,73,55,30,0,0,0,0,0,0,0,0,0,0
12135,21,35,0,-,101,74,66,61,36,51,81,86,81,41,46,99,74,56,31,0,0,0,0,0,0,0,0,0,0
12136,21,36,0,-,102,76,67,62,37,52,82,87,82,42,47,101,76,57,32,0,0,0,0,0,0,0,0,0,0
12137,21,37,0,-,103,77,68,63,38,53,83,88,83,43,48,102,77,58,33,0,0,0,0,0,0,0,0,0,0
12138,21,38,0,-,105,80,70,65,40,55,85,90,85,45,50,105,80,60,35,0,0,0,0,0,0,0,0,0,0
12139,21,39,0,-,106,81,71,66,41,56,86,91,86,46,51,106,81,61,36,0,0,0,0,0,0,0,0,0,0
12140,21,40,0,-,107,83,72,67,42,57,87,92,87,47,52,108,83,62,37,0,0,0,0,0,0,0,0,0,0
12141,21,41,0,-,108,84,73,68,43,58,88,93,88,48,53,109,84,63,38,0,0,0,0,0,0,0,0,0,0
12142,21,42,0,-,110,87,75,70,45,60,90,95,90,50,55,112,87,65,40,0,0,0,0,0,0,0,0,0,0
12143,21,43,0,-,111,88,76,71,46,61,91,96,91,51,56,113,88,66,41,0,0,0,0,0,0,0,0,0,0
12144,21,44,0,-,112,90,77,72,47,62,92,97,92,52,57,115,90,67,42,0,0,0,0,0,0,0,0,0,0
12145,21,45,0,-,113,91,78,73,48,63,93,98,93,53,58,116,91,68,43,0,0,0,0,0,0,0,0,0,0
12146,21,46,0,-,115,94,80,75,50,65,95,100,95,55,60,119,94,70,45,0,0,0,0,0,0,0,0,0,0
12147,21,47,0,-,116,95,81,76,51,66,96,101,96,56,61,120,95,71,46,0,0,0,0,0,0,0,0,0,0
12148,21,48,0,-,117,97,82,77,52,67,97,102,97,57,62,122,97,72,47,0,0,0,0,0,0,0,0,0,0
12149,21,49,0,-,118,98,83,78,53,68,98,103,98,58,63,123,98,73,48,0,0,0,0,0,0,0,0,0,0
12150,21,50,0,-,120,101,85,80,55,70,100,105,100,60,65,126,101,75,50,0,0,0,0,0,0,0,0,0,0
12201,22,1,0,-,65,80,80,80,80,80,80,80,80,80,80,80,80,80,80,0,0,0,0,0,0,0,0,0,0
12202,22,2,0,-,65,80,80,80,80,80,80,80,80,80,80,80,80,80,80,0,0,0,0,0,0,0,0,0,0
12203,22,3,0,-,65,80,80,80,80,80,80,80,80,80,80,80,80,80,80,0,0,0,0,0,0,0,0,0,0
12204,22,4,0,-,65,80,80,80,80,80,80,80,80,80,80,80,80,80,80,0,0,0,0,0,0,0,0,0,0
12205,22,5,0,-,65,80,80,80,80,80,80,80,80,80,80,80,80,80,80,0,0,0,0,0,0,0,0,0,0
12206,22,6,0,-,66,80,80,80,80,80,80,80,80,80,80,80,80,80,80,0,0,0,0,0,0,0,0,0,0
12207,22,7,0,-,66,80,80,80,80,80,80,80,80,80,80,80,80,80,80,0,0,0,0,0,0,0,0,0,0
12208,22,8,0,-,66,80,80,80,80,80,80,80,80,80,80,80,80,80,80,0,0,0,0,0,0,0,0,0,0
12209,22,9,0,-,66,80,80,80,80,80,80,80,80,80,80,80,80,80,80,0,0,0,0,0,0,0,0,0,0
12210,22,10,0,-,68,32,47,32,27,32,62,67,62,22,22,47,32,37,22,0,0,0,0,0,0,0,0,0,0
12211,22,11,0,-,70,32,48,32,27,32,62,67,62,22,22,48,32,38,22,0,0,0,0,0,0,0,0,0,0
12212,22,12,0,-,72,33,50,33,28,33,63,68,63,23,23,50,33,40,23,0,0,0,0,0,0,0,0,0,0
12213,22,13,0,-,73,33,51,33,28,33,63,68,63,23,23,51,33,41,23,0,0,0,0,0,0,0,0,0,0
12214,22,14,0,-,75,34,53,34,29,34,64,69,64,24,24,53,34,43,24,0,0,0,0,0,0,0,0,0,0
12215,22,15,0,-,77,35,55,35,30,35,65,70,65,25,25,55,35,45,25,0,0,0,0,0,0,0,0,0,0
12216,22,16,0,-,78,36,57,36,31,36,66,71,66,26,26,57,36,47,26,0,0,0,0,0,0,0,0,0,0
12217,22,17,0,-,80,36,58,36,31,36,66,71,66,26,26,58,36,48,26,0,0,0,0,0,0,0,0,0,0
12218,22,18,0,-,81,37,60,37,32,37,67,72,67,27,27,60,37,50,27,0,0,0,0,0,0,0,0,0,0
12219,22,19,0,-,82,37,61,37,32,37,67,72,67,27,27,61,37,51,27,0,0,0,0,0,0,0,0,0,0
12220,22,20,0,-,83,29,54,49,44,39,69,84,69,29,29,69,39,54,19,0,0,0,0,0,0,0,0,0,0
12221,22,21,0,-,84,29,54,50,44,39,69,84,69,29,29,70,39,55,19,0,0,0,0,0,0,0,0,0,0
12222,22,22,0,-,85,30,55,52,45,40,70,85,70,30,30,72,40,57,20,0,0,0,0,0,0,0,0,0,0
12223,22,23,0,-,86,30,55,53,45,40,70,85,70,30,30,73,40,58,20,0,0,0,0,0,0,0,0,0,0
12224,22,24,0,-,87,31,56,55,46,41,71,86,71,31,31,75,41,60,21,0,0,0,0,0,0,0,0,0,0
12225,22,25,0,-,89,32,57,57,47,42,72,87,72,32,32,77,42,62,22,0,0,0,0,0,0,0,0,0,0
12226,22,26,0,-,90,33,58,59,48,43,73,88,73,33,33,79,43,64,23,0,0,0,0,0,0,0,0,0,0
12227,22,27,0,-,91,33,58,60,48,43,73,88,73,33,33,80,43,65,23,0,0,0,0,0,0,0,0,0,0
12228,22,28,0,-,92,34,59,62,49,44,74,89,74,34,34,82,44,67,24,0,0,0,0,0,0,0,0,0,0
12229,22,29,0,-,93,34,59,63,49,44,74,89,74,34,34,83,44,68,24,0,0,0,0,0,0,0,0,0,0
12230,22,30,0,-,95,36,61,66,51,46,76,91,76,36,36,86,46,71,26,0,0,0,0,0,0,0,0,0,0
12231,22,31,0,-,96,36,61,67,51,46,76,91,76,36,36,87,46,72,26,0,0,0,0,0,0,0,0,0,0
12232,22,32,0,-,97,37,62,69,52,47,77,92,77,37,37,89,47,74,27,0,0,0,0,0,0,0,0,0,0
12233,22,33,0,-,98,38,63,70,53,48,78,93,78,38,38,90,48,75,28,0,0,0,0,0,0,0,0,0,0
12234,22,34,0,-,100,40,65,73,55,50,80,95,80,40,40,93,50,78,30,0,0,0,0,0,0,0,0,0,0
12235,22,35,0,-,101,41,66,74,56,51,81,96,81,41,41,94,51,79,31,0,0,0,0,0,0,0,0,0,0
12236,22,36,0,-,102,42,67,76,57,52,82,97,82,42,42,96,52,81,32,0,0,0,0,0,0,0,0,0,0
12237,22,37,0,-,103,43,68,77,58,53,83,98,83,43,43,97,53,82,33,0,0,0,0,0,0,0,0,0,0
12238,22,38,0,-,105,45,70,80,60,55,85,100,85,45,45,100,55,85,35,0,0,0,0,0,0,0,0,0,0
12239,22,39,0,-,106,46,71,81,61,56,86,101,86,46,46,101,56,86,36,0,0,0,0,0,0,0,0,0,0
12240,22,40,0,-,107,47,72,83,62,57,87,102,87,47,47,103,57,88,37,0,0,0,0,0,0,0,0,0,0
12241,22,41,0,-,108,48,73,84,63,58,88,103,88,48,48,104,58,89,38,0,0,0,0,0,0,0,0,0,0
12242,22,42,0,-,110,50,75,87,65,60,90,105,90,50,50,107,60,92,40,0,0,0,0,0,0,0,0,0,0
12243,22,43,0,-,111,51,76,88,66,61,91,106,91,51,51,108,61,93,41,0,0,0,0,0,0,0,0,0,0
12244,22,44,0,-,112,52,77,90,67,62,92,107,92,52,52,110,62,95,42,0,0,0,0,0,0,0,0,0,0
12245,22,45,0,-,113,53,78,91,68,63,93,108,93,53,53,111,63,96,43,0,0,0,0,0,0,0,0,0,0
12246,22,46,0,-,115,55,80,94,70,65,95,110,95,55,55,114,65,99,45,0,0,0,0,0,0,0,0,0,0
12247,22,47,0,-,116,56,81,95,71,66,96,111,96,56,56,115,66,100,46,0,0,0,0,0,0,0,0,0,0
12248,22,48,0,-,117,57,82,97,72,67,97,112,97,57,57,117,67,102,47,0,0,0,0,0,0,0,0,0,0
12249,22,49,0,-,118,58,83,98,73,68,98,113,98,58,58,118,68,103,48,0,0,0,0,0,0,0,0,0,0
12250,22,50,0,-,120,60,85,101,75,70,100,115,100,60,60,121,70,106,50,0,0,0,0,0,0,0,0,0,0
12301,23,1,0,-,65,80,80,80,80,80,80,80,80,80,80,80,80,80,80,0,0,0,0,0,0,0,0,0,0
12302,23,2,0,-,65,80,80,80,80,80,80,80,80,80,80,80,80,80,80,0,0,0,0,0,0,0,0,0,0
12303,23,3,0,-,65,80,80,80,80,80,80,80,80,80,80,80,80,80,80,0,0,0,0,0,0,0,0,0,0
12304,23,4,0,-,65,80,80,80,80,80,80,80,80,80,80,80,80,80,80,0,0,0,0,0,0,0,0,0,0
12305,23,5,0,-,65,80,80,80,80,80,80,80,80,80,80,80,80,80,80,0,0,0,0,0,0,0,0,0,0
12306,23,6,0,-,66,80,80,80,80,80,80,80,80,80,80,80,80,80,80,0,0,0,0,0,0,0,0,0,0
12307,23,7,0,-,66,80,80,80,80,80,80,80,80,80,80,80,80,80,80,0,0,0,0,0,0,0,0,0,0
12308,23,8,0,-,66,80,80,80,80,80,80,80,80,80,80,80,80,80,80,0,0,0,0,0,0,0,0,0,0
12309,23,9,0,-,66,80,80,80,80,80,80,80,80,80,80,80,80,80,80,0,0,0,0,0,0,0,0,0,0
12310,23,10,0,-,68,32,47,32,27,32,62,67,62,22,22,47,32,37,22,0,0,0,0,0,0,0,0,0,0
12311,23,11,0,-,70,32,48,32,27,32,62,67,62,22,22,48,32,38,22,0,0,0,0,0,0,0,0,0,0
12312,23,12,0,-,72,33,50,33,28,33,63,68,63,23,23,50,33,40,23,0,0,0,0,0,0,0,0,0,0
12313,23,13,0,-,73,33,51,33,28,33,63,68,63,23,23,51,33,41,23,0,0,0,0,0,0,0,0,0,0
12314,23,14,0,-,75,34,53,34,29,34,64,69,64,24,24,53,34,43,24,0,0,0,0,0,0,0,0,0,0
12315,23,15,0,-,77,35,55,35,30,35,65,70,65,25,25,55,35,45,25,0,0,0,0,0,0,0,0,0,0
12316,23,16,0,-,78,36,57,36,31,36,66,71,66,26,26,57,36,47,26,0,0,0,0,0,0,0,0,0,0
12317,23,17,0,-,80,36,58,36,31,36,66,71,66,26,26,58,36,48,26,0,0,0,0,0,0,0,0,0,0
12318,23,18,0,-,81,37,60,37,32,37,67,72,67,27,27,60,37,50,27,0,0,0,0,0,0,0,0,0,0
12319,23,19,0,-,82,37,61,37,32,37,67,72,67,27,27,61,37,51,27,0,0,0,0,0,0,0,0,0,0
12320,23,20,0,-,83,49,64,44,34,39,79,74,69,19,29,64,39,54,19,0,0,0,0,0,0,0,0,0,0
12321,23,21,0,-,84,50,64,44,34,39,79,74,69,19,29,65,39,55,19,0,0,0,0,0,0,0,0,0,0
12322,23,22,0,-,85,52,65,45,35,40,80,75,70,20,30,67,40,57,20,0,0,0,0,0,0,0,0,0,0
12323,23,23,0,-,86,53,65,45,35,40,80,75,70,20,30,68,40,58,20,0,0,0,0,0,0,0,0,0,0
12324,23,24,0,-,87,55,66,46,36,41,81,76,71,21,31,70,41,60,21,0,0,0,0,0,0,0,0,0,0
12325,23,25,0,-,89,57,67,47,37,42,82,77,72,22,32,72,42,62,22,0,0,0,0,0,0,0,0,0,0
12326,23,26,0,-,90,59,68,48,38,43,83,78,73,23,33,74,43,64,23,0,0,0,0,0,0,0,0,0,0
12327,23,27,0,-,91,60,68,48,38,43,83,78,73,23,33,75,43,65,23,0,0,0,0,0,0,0,0,0,0
12328,23,28,0,-,92,62,69,49,39,44,84,79,74,24,34,77,44,67,24,0,0,0,0,0,0,0,0,0,0
12329,23,29,0,-,93,63,69,49,39,44,84,79,74,24,34,78,44,68,24,0,0,0,0,0,0,0,0,0,0
12330,23,30,0,-,95,66,71,51,41,46,86,81,76,26,36,81,46,71,26,0,0,0,0,0,0,0,0,0,0
12331,23,31,0,-,96,67,71,51,41,46,86,81,76,26,36,82,46,72,26,0,0,0,0,0,0,0,0,0,0
12332,23,32,0,-,97,69,72,52,42,47,87,82,77,27,37,84,47,74,27,0,0,0,0,0,0,0,0,0,0
12333,23,33,0,-,98,70,73,53,43,48,88,83,78,28,38,85,48,75,28,0,0,0,0,0,0,0,0,0,0
12334,23,34,0,-,100,73,75,55,45,50,90,85,80,30,40,88,50,78,30,0,0,0,0,0,0,0,0,0,0
12335,23,35,0,-,101,74,76,56,46,51,91,86,81,31,41,89,51,79,31,0,0,0,0,0,0,0,0,0,0
12336,23,36,0,-,102,76,77,57,47,52,92,87,82,32,42,91,52,81,32,0,0,0,0,0,0,0,0,0,0
12337,23,37,0,-,103,77,78,58,48,53,93,88,83,33,43,92,53,82,33,0,0,0,0,0,0,0,0,0,0
12338,23,38,0,-,105,80,80,60,50,55,95,90,85,35,45,95,55,85,35,0,0,0,0,0,0,0,0,0,0
12339,23,39,0,-,106,81,81,61,51,56,96,91,86,36,46,96,56,86,36,0,0,0,0,0,0,0,0,0,0
12340,23,40,0,-,107,83,82,62,52,57,97,92,87,37,47,98,57,88,37,0,0,0,0,0,0,0,0,0,0
12341,23,41,0,-,108,84,83,63,53,58,98,93,88,38,48,99,58,89,38,0,0,0,0,0,0,0,0,0,0
12342,23,42,0,-,110,87,85,65,55,60,100,95,90,40,50,102,60,92,40,0,0,0,0,0,0,0,0,0,0
12343,23,43,0,-,111,88,86,66,56,61,101,96,91,41,51,103,61,93,41,0,0,0,0,0,0,0,0,0,0
12344,23,44,0,-,112,90,87,67,57,62,102,97,92,42,52,105,62,95,42,0,0,0,0,0,0,0,0,0,0
12345,23,45,0,-,113,91,88,68,58,63,103,98,93,43,53,106,63,96,43,0,0,0,0,0,0,0,0,0,0
12346,23,46,0,-,115,94,90,70,60,65,105,100,95,45,55,109,65,99,45,0,0,0,0,0,0,0,0,0,0
12347,23,47,0,-,116,95,91,71,61,66,106,101,96,46,56,110,66,100,46,0,0,0,0,0,0,0,0,0,0
12348,23,48,0,-,117,97,92,72,62,67,107,102,97,47,57,112,67,102,47,0,0,0,0,0,0,0,0,0,0
12349,23,49,0,-,118,98,93,73,63,68,108,103,98,48,58,113,68,103,48,0,0,0,0,0,0,0,0,0,0
12350,23,50,0,-,120,101,95,75,65,70,110,105,100,50,60,116,70,106,50,0,0,0,0,0,0,0,0,0,0
12401,24,1,0,-,65,80,80,80,80,80,80,80,80,80,80,80,80,80,80,0,0,0,0,0,0,0,0,0,0
12402,24,2,0,-,65,80,80,80,80,80,80,80,80,80,80,80,80,80,80,0,0,0,0,0,0,0,0,0,0
12403,24,3,0,-,65,80,80,80,80,80,80,80,80,80,80,80,80,80,80,0,0,0,0,0,0,0,0,0,0
12404,24,4,0,-,65,80,80,80,80,80,80,80,80,80,80,80,80,80,80,0,0,0,0,0,0,0,0,0,0
12405,24,5,0,-,65,80,80,80,80,80,80,80,80,80,80,80,80,80,80,0,0,0,0,0,0,0,0,0,0
12406,24,6,0,-,66,80,80,80,80,80,80,80,80,80,80,80,80,80,80,0,0,0,0,0,0,0,0,0,0
12407,24,7,0,-,66,80,80,80,80,80,80,80,80,80,80,80,80,80,80,0,0,0,0,0,0,0,0,0,0
12408,24,8,0,-,66,80,80,80,80,80,80,80,80,80,80,80,80,80,80,0,0,0,0,0,0,0,0,0,0
12409,24,9,0,-,66,80,80,80,80,80,80,80,80,80,80,80,80,80,80,0,0,0,0,0,0,0,0,0,0
12410,24,10,0,-,68,32,47,32,27,32,62,67,62,22,22,47,32,37,22,0,0,0,0,0,0,0,0,0,0
12411,24,11,0,-,70,32,48,32,27,32,62,67,62,22,22,48,32,38,22,0,0,0,0,0,0,0,0,0,0
12412,24,12,0,-,72,33,50,33,28,33,63,68,63,23,23,50,33,40,23,0,0,0,0,0,0,0,0,0,0
12413,24,13,0,-,73,33,51,33,28,33,63,68,63,23,23,51,33,41,23,0,0,0,0,0,0,0,0,0,0
12414,24,14,0,-,75,34,53,34,29,34,64,69,64,24,24,53,34,43,24,0,0,0,0,0,0,0,0,0,0
12415,24,15,0,-,77,35,55,35,30,35,65,70,65,25,25,55,35,45,25,0,0,0,0,0,0,0,0,0,0
12416,24,16,0,-,78,36,57,36,31,36,66,71,66,26,26,57,36,47,26,0,0,0,0,0,0,0,0,0,0
12417,24,17,0,-,80,36,58,36,31,36,66,71,66,26,26,58,36,48,26,0,0,0,0,0,0,0,0,0,0
12418,24,18,0,-,81,37,60,37,32,37,67,72,67,27,27,60,37,50,27,0,0,0,0,0,0,0,0,0,0
12419,24,19,0,-,82,37,61,37,32,37,67,72,67,27,27,61,37,51,27,0,0,0,0,0,0,0,0,0,0
12420,24,20,0,-,83,39,64,49,34,39,69,74,69,29,19,44,39,59,49,0,0,0,0,0,0,0,0,0,0
12421,24,21,0,-,84,39,64,50,34,39,69,74,69,29,19,44,39,60,50,0,0,0,0,0,0,0,0,0,0
12422,24,22,0,-,85,40,65,52,35,40,70,75,70,30,20,45,40,62,52,0,0,0,0,0,0,0,0,0,0
12423,24,23,0,-,86,40,65,53,35,40,70,75,70,30,20,45,40,63,53,0,0,0,0,0,0,0,0,0,0
12424,24,24,0,-,87,41,66,55,36,41,71,76,71,31,21,46,41,65,55,0,0,0,0,0,0,0,0,0,0
12425,24,25,0,-,89,42,67,57,37,42,72,77,72,32,22,47,42,67,57,0,0,0,0,0,0,0,0,0,0
12426,24,26,0,-,90,43,68,59,38,43,73,78,73,33,23,48,43,69,59,0,0,0,0,0,0,0,0,0,0
12427,24,27,0,-,91,43,68,60,38,43,73,78,73,33,23,48,43,70,60,0,0,0,0,0,0,0,0,0,0
12428,24,28,0,-,92,44,69,62,39,44,74,79,74,34,24,49,44,72,62,0,0,0,0,0,0,0,0,0,0
12429,24,29,0,-,93,44,69,63,39,44,74,79,74,34,24,49,44,73,63,0,0,0,0,0,0,0,0,0,0
12430,24,30,0,-,95,46,71,66,41,46,76,81,76,36,26,51,46,76,66,0,0,0,0,0,0,0,0,0,0
12431,24,31,0,-,96,46,71,67,41,46,76,81,76,36,26,51,46,77,67,0,0,0,0,0,0,0,0,0,0
12432,24,32,0,-,97,47,72,69,42,47,77,82,77,37,27,52,47,79,69,0,0,0,0,0,0,0,0,0,0
12433,24,33,0,-,98,48,73,70,43,48,78,83,78,38,28,53,48,80,70,0,0,0,0,0,0,0,0,0,0
12434,24,34,0,-,100,50,75,73,45,50,80,85,80,40,30,55,50,83,73,0,0,0,0,0,0,0,0,0,0
12435,24,35,0,-,101,51,76,74,46,51,81,86,81,41,31,56,51,84,74,0,0,0,0,0,0,0,0,0,0
12436,24,36,0,-,102,52,77,76,47,52,82,87,82,42,32,57,52,86,76,0,0,0,0,0,0,0,0,0,0
12437,24,37,0,-,103,53,78,77,48,53,83,88,83,43,33,58,53,87,77,0,0,0,0,0,0,0,0,0,0
12438,24,38,0,-,105,55,80,80,50,55,85,90,85,45,35,60,55,90,80,0,0,0,0,0,0,0,0,0,0
12439,24,39,0,-,106,56,81,81,51,56,86,91,86,46,36,61,56,91,81,0,0,0,0,0,0,0,0,0,0
12440,24,40,0,-,107,57,82,83,52,57,87,92,87,47,37,62,57,93,83,0,0,0,0,0,0,0,0,0,0
12441,24,41,0,-,108,58,83,84,53,58,88,93,88,48,38,63,58,94,84,0,0,0,0,0,0,0,0,0,0
12442,24,42,0,-,110,60,85,87,55,60,90,95,90,50,40,65,60,97,87,0,0,0,0,0,0,0,0,0,0
12443,24,43,0,-,111,61,86,88,56,61,91,96,91,51,41,66,61,98,88,0,0,0,0,0,0,0,0,0,0
12444,24,44,0,-,112,62,87,90,57,62,92,97,92,52,42,67,62,100,90,0,0,0,0,0,0,0,0,0,0
12445,24,45,0,-,113,63,88,91,58,63,93,98,93,53,43,68,63,101,91,0,0,0,0,0,0,0,0,0,0
12446,24,46,0,-,115,65,90,94,60,65,95,100,95,55,45,70,65,104,94,0,0,0,0,0,0,0,0,0,0
12447,24,47,0,-,116,66,91,95,61,66,96,101,96,56,46,71,66,105,95,0,0,0,0,0,0,0,0,0,0
12448,24,48,0,-,117,67,92,97,62,67,97,102,97,57,47,72,67,107,97,0,0,0,0,0,0,0,0,0,0
12449,24,49,0,-,118,68,93,98,63,68,98,103,98,58,48,73,68,108,98,0,0,0,0,0,0,0,0,0,0
12450,24,50,0,-,120,70,95,101,65,70,100,105,100,60,50,75,70,111,101,0,0,0,0,0,0,0,0,0,0
13001,30,1,0,-,65,80,80,80,80,80,80,80,80,80,80,80,80,80,80,0,0,0,0,0,0,0,0,0,0
13002,30,2,0,-,65,80,80,80,80,80,80,80,80,80,80,80,80,80,80,0,0,0,0,0,0,0,0,0,0
13003,30,3,0,-,65,80,80,80,80,80,80,80,80,80,80,80,80,80,80,0,0,0,0,0,0,0,0,0,0
13004,30,4,0,-,65,80,80,80,80,80,80,80,80,80,80,80,80,80,80,0,0,0,0,0,0,0,0,0,0
13005,30,5,0,-,65,80,80,80,80,80,80,80,80,80,80,80,80,80,80,0,0,0,0,0,0,0,0,0,0
13006,30,6,0,-,66,80,80,80,80,80,80,80,80,80,80,80,80,80,80,0,0,0,0,0,0,0,0,0,0
13007,30,7,0,-,66,80,80,80,80,80,80,80,80,80,80,80,80,80,80,0,0,0,0,0,0,0,0,0,0
13008,30,8,0,-,66,80,80,80,80,80,80,80,80,80,80,80,80,80,80,0,0,0,0,0,0,0,0,0,0
13009,30,9,0,-,66,80,80,80,80,80,80,80,80,80,80,80,80,80,80,0,0,0,0,0,0,0,0,0,0
13010,30,10,0,-,67,22,32,47,37,42,52,57,72,27,17,22,31,47,38,0,0,0,0,0,0,0,0,0,0
13011,30,11,0,-,67,22,32,48,37,42,52,57,72,27,17,22,31,48,39,0,0,0,0,0,0,0,0,0,0
13012,30,12,0,-,68,23,33,50,38,43,53,58,73,28,18,23,32,50,41,0,0,0,0,0,0,0,0,0,0
13013,30,13,0,-,68,23,33,51,38,43,53,58,73,28,18,23,32,51,42,0,0,0,0,0,0,0,0,0,0
13014,30,14,0,-,69,24,34,53,39,44,54,59,74,29,19,24,33,53,44,0,0,0,0,0,0,0,0,0,0
13015,30,15,0,-,70,25,35,55,40,45,55,60,75,30,20,25,34,55,46,0,0,0,0,0,0,0,0,0,0
13016,30,16,0,-,71,26,36,57,41,46,56,61,76,31,21,26,35,57,48,0,0,0,0,0,0,0,0,0,0
13017,30,17,0,-,71,26,36,58,41,46,56,61,76,31,21,26,35,58,49,0,0,0,0,0,0,0,0,0,0
13018,30,18,0,-,72,27,37,60,42,47,57,62,77,32,22,27,36,60,51,0,0,0,0,0,0,0,0,0,0
13019,30,19,0,-,72,27,37,61,42,47,57,62,77,32,22,27,36,61,52,0,0,0,0,0,0,0,0,0,0
13020,30,20,0,-,73,29,39,65,44,49,59,64,79,34,24,29,38,65,56,0,0,0,0,0,0,0,0,0,0
13021,30,21,0,-,73,29,39,66,44,49,59,64,79,34,24,29,38,66,57,0,0,0,0,0,0,0,0,0,0
13022,30,22,0,-,74,30,40,68,45,50,60,65,80,35,25,30,39,68,59,0,0,0,0,0,0,0,0,0,0
13023,30,23,0,-,74,30,40,69,45,50,60,65,80,35,25,30,39,69,60,0,0,0,0,0,0,0,0,0,0
13024,30,24,0,-,75,31,41,71,46,51,61,66,81,36,26,31,40,71,62,0,0,0,0,0,0,0,0,0,0
13025,30,25,0,-,76,32,42,73,47,52,62,67,82,37,27,32,41,73,64,0,0,0,0,0,0,0,0,0,0
13026,30,26,0,-,77,33,43,75,48,53,63,68,83,38,28,33,42,75,66,0,0,0,0,0,0,0,0,0,0
13027,30,27,0,-,77,33,43,76,48,53,63,68,83,38,28,33,42,76,67,0,0,0,0,0,0,0,0,0,0
13028,30,28,0,-,78,34,44,78,49,54,64,69,84,39,29,34,43,78,69,0,0,0,0,0,0,0,0,0,0
13029,30,29,0,-,78,34,44,79,49,54,64,69,84,39,29,34,43,79,70,0,0,0,0,0,0,0,0,0,0
13030,30,30,0,-,80,36,46,82,51,56,66,71,86,41,31,36,45,82,73,0,0,0,0,0,0,0,0,0,0
13031,30,31,0,-,80,36,46,84,51,56,66,71,86,41,31,36,45,84,75,0,0,0,0,0,0,0,0,0,0
13032,30,32,0,-,81,37,47,86,52,57,67,72,87,42,32,37,46,86,77,0,0,0,0,0,0,0,0,0,0
13033,30,33,0,-,82,38,48,87,53,58,68,73,88,43,33,38,46,87,79,0,0,0,0,0,0,0,0,0,0
13034,30,34,0,-,84,40,50,90,55,60,70,75,90,45,35,40,48,90,82,0,0,0,0,0,0,0,0,0,0
13035,30,35,0,-,85,41,51,91,56,61,71,76,91,46,36,41,48,91,84,0,0,0,0,0,0,0,0,0,0
13036,30,36,0,-,86,42,52,93,57,62,72,77,92,47,37,42,49,93,86,0,0,0,0,0,0,0,0,0,0
13037,30,37,0,-,87,43,53,94,58,63,73,78,93,48,38,43,49,94,88,0,0,0,0,0,0,0,0,0,0
13038,30,38,0,-,89,45,55,97,60,65,75,80,95,50,40,45,51,97,91,0,0,0,0,0,0,0,0,0,0
13039,30,39,0,-,90,46,56,98,61,66,76,81,96,51,41,46,51,98,93,0,0,0,0,0,0,0,0,0,0
13040,30,40,0,-,91,47,57,101,62,67,77,82,97,52,42,47,52,101,96,0,0,0,0,0,0,0,0,0,0
13041,30,41,0,-,92,48,58,102,63,68,78,83,98,53,43,48,52,102,98,0,0,0,0,0,0,0,0,0,0
13042,30,42,0,-,94,50,60,105,65,70,80,85,100,55,45,50,54,105,101,0,0,0,0,0,0,0,0,0,0
13043,30,43,0,-,95,51,61,106,66,71,81,86,101,56,46,51,54,106,103,0,0,0,0,0,0,0,0,0,0
13044,30,44,0,-,96,52,62,108,67,72,82,87,102,57,47,52,55,108,105,0,0,0,0,0,0,0,0,0,0
13045,30,45,0,-,97,53,63,109,68,73,83,88,103,58,48,53,55,109,107,0,0,0,0,0,0,0,0,0,0
13046,30,46,0,-,99,55,65,112,70,75,85,90,105,60,50,55,57,112,110,0,0,0,0,0,0,0,0,0,0
13047,30,47,0,-,100,56,66,113,71,76,86,91,106,61,51,56,57,113,112,0,0,0,0,0,0,0,0,0,0
13048,30,48,0,-,101,57,67,115,72,77,87,92,107,62,52,57,58,115,114,0,0,0,0,0,0,0,0,0,0
13049,30,49,0,-,102,58,68,116,73,78,88,93,108,63,53,58,58,116,116,0,0,0,0,0,0,0,0,0,0
13050,30,50,0,-,104,60,70,119,75,80,90,95,110,65,55,60,60,119,119,0,0,0,0,0,0,0,0,0,0
13101,31,1,0,-,65,80,80,80,80,80,80,80,80,80,80,80,80,80,80,0,0,0,0,0,0,0,0,0,0
13102,31,2,0,-,65,80,80,80,80,80,80,80,80,80,80,80,80,80,80,0,0,0,0,0,0,0,0,0,0
13103,31,3,0,-,65,80,80,80,80,80,80,80,80,80,80,80,80,80,80,0,0,0,0,0,0,0,0,0,0
13104,31,4,0,-,65,80,80,80,80,80,80,80,80,80,80,80,80,80,80,0,0,0,0,0,0,0,0,0,0
13105,31,5,0,-,65,80,80,80,80,80,80,80,80,80,80,80,80,80,80,0,0,0,0,0,0,0,0,0,0
13106,31,6,0,-,66,80,80,80,80,80,80,80,80,80,80,80,80,80,80,0,0,0,0,0,0,0,0,0,0
13107,31,7,0,-,66,80,80,80,80,80,80,80,80,80,80,80,80,80,80,0,0,0,0,0,0,0,0,0,0
13108,31,8,0,-,66,80,80,80,80,80,80,80,80,80,80,80,80,80,80,0,0,0,0,0,0,0,0,0,0
13109,31,9,0,-,66,80,80,80,80,80,80,80,80,80,80,80,80,80,80,0,0,0,0,0,0,0,0,0,0
13110,31,10,0,-,68,22,32,47,37,42,52,57,72,27,17,22,31,47,38,0,0,0,0,0,0,0,0,0,0
13111,31,11,0,-,70,22,32,48,37,42,52,57,72,27,17,22,31,48,39,0,0,0,0,0,0,0,0,0,0
13112,31,12,0,-,72,23,33,50,38,43,53,58,73,28,18,23,32,50,41,0,0,0,0,0,0,0,0,0,0
13113,31,13,0,-,73,23,33,51,38,43,53,58,73,28,18,23,32,51,42,0,0,0,0,0,0,0,0,0,0
13114,31,14,0,-,75,24,34,53,39,44,54,59,74,29,19,24,33,53,44,0,0,0,0,0,0,0,0,0,0
13115,31,15,0,-,77,25,35,55,40,45,55,60,75,30,20,25,34,55,46,0,0,0,0,0,0,0,0,0,0
13116,31,16,0,-,78,26,36,57,41,46,56,61,76,31,21,26,35,57,48,0,0,0,0,0,0,0,0,0,0
13117,31,17,0,-,80,26,36,58,41,46,56,61,76,31,21,26,35,58,49,0,0,0,0,0,0,0,0,0,0
13118,31,18,0,-,81,27,37,60,42,47,57,62,77,32,22,27,36,60,51,0,0,0,0,0,0,0,0,0,0
13119,31,19,0,-,82,27,37,61,42,47,57,62,77,32,22,27,36,61,52,0,0,0,0,0,0,0,0,0,0
13120,31,20,0,-,83,29,49,54,54,59,59,64,84,34,14,19,29,64,64,0,0,0,0,0,0,0,0,0,0
13121,31,21,0,-,84,29,50,54,55,59,59,64,84,34,14,19,29,64,65,0,0,0,0,0,0,0,0,0,0
13122,31,22,0,-,85,30,52,55,57,60,60,65,85,35,15,20,30,65,67,0,0,0,0,0,0,0,0,0,0
13123,31,23,0,-,86,30,53,55,58,60,60,65,85,35,15,20,30,65,68,0,0,0,0,0,0,0,0,0,0
13124,31,24,0,-,87,31,55,56,60,61,61,66,86,36,16,21,31,66,70,0,0,0,0,0,0,0,0,0,0
13125,31,25,0,-,89,32,57,57,62,62,62,67,87,37,17,22,32,67,72,0,0,0,0,0,0,0,0,0,0
13126,31,26,0,-,90,33,59,58,64,63,63,68,88,38,18,23,33,68,74,0,0,0,0,0,0,0,0,0,0
13127,31,27,0,-,91,33,60,58,65,63,63,68,88,38,18,23,33,68,75,0,0,0,0,0,0,0,0,0,0
13128,31,28,0,-,92,34,62,59,67,64,64,69,89,39,19,24,34,69,77,0,0,0,0,0,0,0,0,0,0
13129,31,29,0,-,93,34,63,59,68,64,64,69,89,39,19,24,34,69,78,0,0,0,0,0,0,0,0,0,0
13130,31,30,0,-,95,36,66,61,71,66,66,71,91,41,21,26,36,71,81,0,0,0,0,0,0,0,0,0,0
13131,31,31,0,-,96,36,67,61,72,66,66,71,91,41,21,26,36,71,82,0,0,0,0,0,0,0,0,0,0
13132,31,32,0,-,97,37,69,62,74,67,67,72,92,42,22,27,37,72,84,0,0,0,0,0,0,0,0,0,0
13133,31,33,0,-,98,38,70,63,75,68,68,73,93,43,23,28,38,73,85,0,0,0,0,0,0,0,0,0,0
13134,31,34,0,-,100,40,73,65,78,70,70,75,95,45,25,30,40,75,88,0,0,0,0,0,0,0,0,0,0
13135,31,35,0,-,101,41,74,66,79,71,71,76,96,46,26,31,41,76,89,0,0,0,0,0,0,0,0,0,0
13136,31,36,0,-,102,42,76,67,81,72,72,77,97,47,27,32,42,77,91,0,0,0,0,0,0,0,0,0,0
13137,31,37,0,-,103,43,77,68,82,73,73,78,98,48,28,33,43,78,92,0,0,0,0,0,0,0,0,0,0
13138,31,38,0,-,105,45,80,70,85,75,75,80,100,50,30,35,45,80,95,0,0,0,0,0,0,0,0,0,0
13139,31,39,0,-,106,46,81,71,86,76,76,81,101,51,31,36,46,81,96,0,0,0,0,0,0,0,0,0,0
13140,31,40,0,-,107,47,83,72,88,77,77,82,102,52,32,37,47,82,98,0,0,0,0,0,0,0,0,0,0
13141,31,41,0,-,108,48,84,73,89,78,78,83,103,53,33,38,48,83,99,0,0,0,0,0,0,0,0,0,0
13142,31,42,0,-,110,50,87,75,92,80,80,85,105,55,35,40,50,85,102,0,0,0,0,0,0,0,0,0,0
13143,31,43,0,-,111,51,88,76,93,81,81,86,106,56,36,41,51,86,103,0,0,0,0,0,0,0,0,0,0
13144,31,44,0,-,112,52,90,77,95,82,82,87,107,57,37,42,52,87,105,0,0,0,0,0,0,0,0,0,0
13145,31,45,0,-,113,53,91,78,96,83,83,88,108,58,38,43,53,88,106,0,0,0,0,0,0,0,0,0,0
13146,31,46,0,-,115,55,94,80,99,85,85,90,110,60,40,45,55,90,109,0,0,0,0,0,0,0,0,0,0
13147,31,47,0,-,116,56,95,81,100,86,86,91,111,61,41,46,56,91,110,0,0,0,0,0,0,0,0,0,0
13148,31,48,0,-,117,57,97,82,102,87,87,92,112,62,42,47,57,92,112,0,0,0,0,0,0,0,0,0,0
13149,31,49,0,-,118,58,98,83,103,88,88,93,113,63,43,48,58,93,113,0,0,0,0,0,0,0,0,0,0
13150,31,50,0,-,120,60,101,85,106,90,90,95,115,65,45,50,60,95,116,0,0,0,0,0,0,0,0,0,0
13201,32,1,0,-,65,80,80,80,80,80,80,80,80,80,80,80,80,80,80,0,0,0,0,0,0,0,0,0,0
13202,32,2,0,-,65,80,80,80,80,80,80,80,80,80,80,80,80,80,80,0,0,0,0,0,0,0,0,0,0
13203,32,3,0,-,65,80,80,80,80,80,80,80,80,80,80,80,80,80,80,0,0,0,0,0,0,0,0,0,0
13204,32,4,0,-,65,80,80,80,80,80,80,80,80,80,80,80,80,80,80,0,0,0,0,0,0,0,0,0,0
13205,32,5,0,-,65,80,80,80,80,80,80,80,80,80,80,80,80,80,80,0,0,0,0,0,0,0,0,0,0
13206,32,6,0,-,66,80,80,80,80,80,80,80,80,80,80,80,80,80,80,0,0,0,0,0,0,0,0,0,0
13207,32,7,0,-,66,80,80,80,80,80,80,80,80,80,80,80,80,80,80,0,0,0,0,0,0,0,0,0,0
13208,32,8,0,-,66,80,80,80,80,80,80,80,80,80,80,80,80,80,80,0,0,0,0,0,0,0,0,0,0
13209,32,9,0,-,66,80,80,80,80,80,80,80,80,80,80,80,80,80,80,0,0,0,0,0,0,0,0,0,0
13210,32,10,0,-,68,22,32,47,37,42,52,57,72,27,17,22,31,47,38,0,0,0,0,0,0,0,0,0,0
13211,32,11,0,-,70,22,32,48,37,42,52,57,72,27,17,22,31,48,39,0,0,0,0,0,0,0,0,0,0
13212,32,12,0,-,72,23,33,50,38,43,53,58,73,28,18,23,32,50,41,0,0,0,0,0,0,0,0,0,0
13213,32,13,0,-,73,23,33,51,38,43,53,58,73,28,18,23,32,51,42,0,0,0,0,0,0,0,0,0,0
13214,32,14,0,-,75,24,34,53,39,44,54,59,74,29,19,24,33,53,44,0,0,0,0,0,0,0,0,0,0
13215,32,15,0,-,77,25,35,55,40,45,55,60,75,30,20,25,34,55,46,0,0,0,0,0,0,0,0,0,0
13216,32,16,0,-,78,26,36,57,41,46,56,61,76,31,21,26,35,57,48,0,0,0,0,0,0,0,0,0,0
13217,32,17,0,-,80,26,36,58,41,46,56,61,76,31,21,26,35,58,49,0,0,0,0,0,0,0,0,0,0
13218,32,18,0,-,81,27,37,60,42,47,57,62,77,32,22,27,36,60,51,0,0,0,0,0,0,0,0,0,0
13219,32,19,0,-,82,27,37,61,42,47,57,62,77,32,22,27,36,61,52,0,0,0,0,0,0,0,0,0,0
13220,32,20,0,-,83,29,49,64,49,59,59,64,79,34,14,19,29,64,64,0,0,0,0,0,0,0,0,0,0
13221,32,21,0,-,84,29,50,64,49,60,59,64,79,34,14,19,29,64,65,0,0,0,0,0,0,0,0,0,0
13222,32,22,0,-,85,30,52,65,50,62,60,65,80,35,15,20,30,65,67,0,0,0,0,0,0,0,0,0,0
13223,32,23,0,-,86,30,53,65,50,63,60,65,80,35,15,20,30,65,68,0,0,0,0,0,0,0,0,0,0
13224,32,24,0,-,87,31,55,66,51,65,61,66,81,36,16,21,31,66,70,0,0,0,0,0,0,0,0,0,0
13225,32,25,0,-,89,32,57,67,52,67,62,67,82,37,17,22,32,67,72,0,0,0,0,0,0,0,0,0,0
13226,32,26,0,-,90,33,59,68,53,69,63,68,83,38,18,23,33,68,74,0,0,0,0,0,0,0,0,0,0
13227,32,27,0,-,91,33,60,68,53,70,63,68,83,38,18,23,33,68,75,0,0,0,0,0,0,0,0,0,0
13228,32,28,0,-,92,34,62,69,54,72,64,69,84,39,19,24,34,69,77,0,0,0,0,0,0,0,0,0,0
13229,32,29,0,-,93,34,63,69,54,73,64,69,84,39,19,24,34,69,78,0,0,0,0,0,0,0,0,0,0
13230,32,30,0,-,95,36,66,71,56,76,66,71,86,41,21,26,36,71,81,0,0,0,0,0,0,0,0,0,0
13231,32,31,0,-,96,36,67,71,56,77,66,71,86,41,21,26,36,71,82,0,0,0,0,0,0,0,0,0,0
13232,32,32,0,-,97,37,69,72,57,79,67,72,87,42,22,27,37,72,84,0,0,0,0,0,0,0,0,0,0
13233,32,33,0,-,98,38,70,73,58,80,68,73,88,43,23,28,38,73,85,0,0,0,0,0,0,0,0,0,0
13234,32,34,0,-,100,40,73,75,60,83,70,75,90,45,25,30,40,75,88,0,0,0,0,0,0,0,0,0,0
13235,32,35,0,-,101,41,74,76,61,84,71,76,91,46,26,31,41,76,89,0,0,0,0,0,0,0,0,0,0
13236,32,36,0,-,102,42,76,77,62,86,72,77,92,47,27,32,42,77,91,0,0,0,0,0,0,0,0,0,0
13237,32,37,0,-,103,43,77,78,63,87,73,78,93,48,28,33,43,78,92,0,0,0,0,0,0,0,0,0,0
13238,32,38,0,-,105,45,80,80,65,90,75,80,95,50,30,35,45,80,95,0,0,0,0,0,0,0,0,0,0
13239,32,39,0,-,106,46,81,81,66,91,76,81,96,51,31,36,46,81,96,0,0,0,0,0,0,0,0,0,0
13240,32,40,0,-,107,47,83,82,67,93,77,82,97,52,32,37,47,82,98,0,0,0,0,0,0,0,0,0,0
13241,32,41,0,-,108,48,84,83,68,94,78,83,98,53,33,38,48,83,99,0,0,0,0,0,0,0,0,0,0
13242,32,42,0,-,110,50,87,85,70,97,80,85,100,55,35,40,50,85,102,0,0,0,0,0,0,0,0,0,0
13243,32,43,0,-,111,51,88,86,71,98,81,86,101,56,36,41,51,86,103,0,0,0,0,0,0,0,0,0,0
13244,32,44,0,-,112,52,90,87,72,100,82,87,102,57,37,42,52,87,105,0,0,0,0,0,0,0,0,0,0
13245,32,45,0,-,113,53,91,88,73,101,83,88,103,58,38,43,53,88,106,0,0,0,0,0,0,0,0,0,0
13246,32,46,0,-,115,55,94,90,75,104,85,90,105,60,40,45,55,90,109,0,0,0,0,0,0,0,0,0,0
13247,32,47,0,-,116,56,95,91,76,105,86,91,106,61,41,46,56,91,110,0,0,0,0,0,0,0,0,0,0
13248,32,48,0,-,117,57,97,92,77,107,87,92,107,62,42,47,57,92,112,0,0,0,0,0,0,0,0,0,0
13249,32,49,0,-,118,58,98,93,78,108,88,93,108,63,43,48,58,93,113,0,0,0,0,0,0,0,0,0,0
13250,32,50,0,-,120,60,101,95,80,111,90,95,110,65,45,50,60,95,116,0,0,0,0,0,0,0,0,0,0
13301,33,1,0,-,65,80,80,80,80,80,80,80,80,80,80,80,80,80,80,0,0,0,0,0,0,0,0,0,0
13302,33,2,0,-,65,80,80,80,80,80,80,80,80,80,80,80,80,80,80,0,0,0,0,0,0,0,0,0,0
13303,33,3,0,-,65,80,80,80,80,80,80,80,80,80,80,80,80,80,80,0,0,0,0,0,0,0,0,0,0
13304,33,4,0,-,65,80,80,80,80,80,80,80,80,80,80,80,80,80,80,0,0,0,0,0,0,0,0,0,0
13305,33,5,0,-,65,80,80,80,80,80,80,80,80,80,80,80,80,80,80,0,0,0,0,0,0,0,0,0,0
13306,33,6,0,-,66,80,80,80,80,80,80,80,80,80,80,80,80,80,80,0,0,0,0,0,0,0,0,0,0
13307,33,7,0,-,66,80,80,80,80,80,80,80,80,80,80,80,80,80,80,0,0,0,0,0,0,0,0,0,0
13308,33,8,0,-,66,80,80,80,80,80,80,80,80,80,80,80,80,80,80,0,0,0,0,0,0,0,0,0,0
13309,33,9,0,-,66,80,80,80,80,80,80,80,80,80,80,80,80,80,80,0,0,0,0,0,0,0,0,0,0
13310,33,10,0,-,68,22,32,47,37,42,52,57,72,27,17,22,31,47,38,0,0,0,0,0,0,0,0,0,0
13311,33,11,0,-,70,22,32,48,37,42,52,57,72,27,17,22,31,48,39,0,0,0,0,0,0,0,0,0,0
13312,33,12,0,-,72,23,33,50,38,43,53,58,73,28,18,23,32,50,41,0,0,0,0,0,0,0,0,0,0
13313,33,13,0,-,73,23,33,51,38,43,53,58,73,28,18,23,32,51,42,0,0,0,0,0,0,0,0,0,0
13314,33,14,0,-,75,24,34,53,39,44,54,59,74,29,19,24,33,53,44,0,0,0,0,0,0,0,0,0,0
13315,33,15,0,-,77,25,35,55,40,45,55,60,75,30,20,25,34,55,46,0,0,0,0,0,0,0,0,0,0
13316,33,16,0,-,78,26,36,57,41,46,56,61,76,31,21,26,35,57,48,0,0,0,0,0,0,0,0,0,0
13317,33,17,0,-,80,26,36,58,41,46,56,61,76,31,21,26,35,58,49,0,0,0,0,0,0,0,0,0,0
13318,33,18,0,-,81,27,37,60,42,47,57,62,77,32,22,27,36,60,51,0,0,0,0,0,0,0,0,0,0
13319,33,19,0,-,82,27,37,61,42,47,57,62,77,32,22,27,36,61,52,0,0,0,0,0,0,0,0,0,0
13320,33,20,0,-,83,29,49,64,49,59,59,64,79,34,14,19,29,64,64,0,0,0,0,0,0,0,0,0,0
13321,33,21,0,-,84,29,50,65,49,59,59,64,79,34,14,19,29,64,65,0,0,0,0,0,0,0,0,0,0
13322,33,22,0,-,85,30,52,67,50,60,60,65,80,35,15,20,30,65,67,0,0,0,0,0,0,0,0,0,0
13323,33,23,0,-,86,30,53,68,50,60,60,65,80,35,15,20,30,65,68,0,0,0,0,0,0,0,0,0,0
13324,33,24,0,-,87,31,55,70,51,61,61,66,81,36,16,21,31,66,70,0,0,0,0,0,0,0,0,0,0
13325,33,25,0,-,89,32,57,72,52,62,62,67,82,37,17,22,32,67,72,0,0,0,0,0,0,0,0,0,0
13326,33,26,0,-,90,33,59,74,53,63,63,68,83,38,18,23,33,68,74,0,0,0,0,0,0,0,0,0,0
13327,33,27,0,-,91,33,60,75,53,63,63,68,83,38,18,23,33,68,75,0,0,0,0,0,0,0,0,0,0
13328,33,28,0,-,92,34,62,77,54,64,64,69,84,39,19,24,34,69,77,0,0,0,0,0,0,0,0,0,0
13329,33,29,0,-,93,34,63,78,54,64,64,69,84,39,19,24,34,69,78,0,0,0,0,0,0,0,0,0,0
13330,33,30,0,-,95,36,66,81,56,66,66,71,86,41,21,26,36,71,81,0,0,0,0,0,0,0,0,0,0
13331,33,31,0,-,96,36,67,82,56,66,66,71,86,41,21,26,36,71,82,0,0,0,0,0,0,0,0,0,0
13332,33,32,0,-,97,37,69,84,57,67,67,72,87,42,22,27,37,72,84,0,0,0,0,0,0,0,0,0,0
13333,33,33,0,-,98,38,70,85,58,68,68,73,88,43,23,28,38,73,85,0,0,0,0,0,0,0,0,0,0
13334,33,34,0,-,100,40,73,88,60,70,70,75,90,45,25,30,40,75,88,0,0,0,0,0,0,0,0,0,0
13335,33,35,0,-,101,41,74,89,61,71,71,76,91,46,26,31,41,76,89,0,0,0,0,0,0,0,0,0,0
13336,33,36,0,-,102,42,76,91,62,72,72,77,92,47,27,32,42,77,91,0,0,0,0,0,0,0,0,0,0
13337,33,37,0,-,103,43,77,92,63,73,73,78,93,48,28,33,43,78,92,0,0,0,0,0,0,0,0,0,0
13338,33,38,0,-,105,45,80,95,65,75,75,80,95,50,30,35,45,80,95,0,0,0,0,0,0,0,0,0,0
13339,33,39,0,-,106,46,81,96,66,76,76,81,96,51,31,36,46,81,96,0,0,0,0,0,0,0,0,0,0
13340,33,40,0,-,107,47,83,98,67,77,77,82,97,52,32,37,47,82,98,0,0,0,0,0,0,0,0,0,0
13341,33,41,0,-,108,48,84,99,68,78,78,83,98,53,33,38,48,83,99,0,0,0,0,0,0,0,0,0,0
13342,33,42,0,-,110,50,87,102,70,80,80,85,100,55,35,40,50,85,102,0,0,0,0,0,0,0,0,0,0
13343,33,43,0,-,111,51,88,103,71,81,81,86,101,56,36,41,51,86,103,0,0,0,0,0,0,0,0,0,0
13344,33,44,0,-,112,52,90,105,72,82,82,87,102,57,37,42,52,87,105,0,0,0,0,0,0,0,0,0,0
13345,33,45,0,-,113,53,91,106,73,83,83,88,103,58,38,43,53,88,106,0,0,0,0,0,0,0,0,0,0
13346,33,46,0,-,115,55,94,109,75,85,85,90,105,60,40,45,55,90,109,0,0,0,0,0,0,0,0,0,0
13347,33,47,0,-,116,56,95,110,76,86,86,91,106,61,41,46,56,91,110,0,0,0,0,0,0,0,0,0,0
13348,33,48,0,-,117,57,97,112,77,87,87,92,107,62,42,47,57,92,112,0,0,0,0,0,0,0,0,0,0
13349,33,49,0,-,118,58,98,113,78,88,88,93,108,63,43,48,58,93,113,0,0,0,0,0,0,0,0,0,0
13350,33,50,0,-,120,60,101,116,80,90,90,95,110,65,45,50,60,95,116,0,0,0,0,0,0,0,0,0,0
13401,34,1,0,-,65,80,80,80,80,80,80,80,80,80,80,80,80,80,80,0,0,0,0,0,0,0,0,0,0
13402,34,2,0,-,65,80,80,80,80,80,80,80,80,80,80,80,80,80,80,0,0,0,0,0,0,0,0,0,0
13403,34,3,0,-,65,80,80,80,80,80,80,80,80,80,80,80,80,80,80,0,0,0,0,0,0,0,0,0,0
13404,34,4,0,-,65,80,80,80,80,80,80,80,80,80,80,80,80,80,80,0,0,0,0,0,0,0,0,0,0
13405,34,5,0,-,65,80,80,80,80,80,80,80,80,80,80,80,80,80,80,0,0,0,0,0,0,0,0,0,0
13406,34,6,0,-,66,80,80,80,80,80,80,80,80,80,80,80,80,80,80,0,0,0,0,0,0,0,0,0,0
13407,34,7,0,-,66,80,80,80,80,80,80,80,80,80,80,80,80,80,80,0,0,0,0,0,0,0,0,0,0
13408,34,8,0,-,66,80,80,80,80,80,80,80,80,80,80,80,80,80,80,0,0,0,0,0,0,0,0,0,0
13409,34,9,0,-,66,80,80,80,80,80,80,80,80,80,80,80,80,80,80,0,0,0,0,0,0,0,0,0,0
13410,34,10,0,-,68,22,32,47,37,42,52,57,72,27,17,22,31,47,38,0,0,0,0,0,0,0,0,0,0
13411,34,11,0,-,70,22,32,48,37,42,52,57,72,27,17,22,31,48,39,0,0,0,0,0,0,0,0,0,0
13412,34,12,0,-,72,23,33,50,38,43,53,58,73,28,18,23,32,50,41,0,0,0,0,0,0,0,0,0,0
13413,34,13,0,-,73,23,33,51,38,43,53,58,73,28,18,23,32,51,42,0,0,0,0,0,0,0,0,0,0
13414,34,14,0,-,75,24,34,53,39,44,54,59,74,29,19,24,33,53,44,0,0,0,0,0,0,0,0,0,0
13415,34,15,0,-,77,25,35,55,40,45,55,60,75,30,20,25,34,55,46,0,0,0,0,0,0,0,0,0,0
13416,34,16,0,-,78,26,36,57,41,46,56,61,76,31,21,26,35,57,48,0,0,0,0,0,0,0,0,0,0
13417,34,17,0,-,80,26,36,58,41,46,56,61,76,31,21,26,35,58,49,0,0,0,0,0,0,0,0,0,0
13418,34,18,0,-,81,27,37,60,42,47,57,62,77,32,22,27,36,60,51,0,0,0,0,0,0,0,0,0,0
13419,34,19,0,-,82,27,37,61,42,47,57,62,77,32,22,27,36,61,52,0,0,0,0,0,0,0,0,0,0
13420,34,20,0,-,83,29,39,65,44,49,59,64,79,34,24,29,38,65,56,0,0,0,0,0,0,0,0,0,0
13421,34,21,0,-,84,29,39,66,44,49,59,64,79,34,24,29,38,66,57,0,0,0,0,0,0,0,0,0,0
13422,34,22,0,-,85,30,40,68,45,50,60,65,80,35,25,30,39,68,59,0,0,0,0,0,0,0,0,0,0
13423,34,23,0,-,86,30,40,69,45,50,60,65,80,35,25,30,39,69,60,0,0,0,0,0,0,0,0,0,0
13424,34,24,0,-,87,31,41,71,46,51,61,66,81,36,26,31,40,71,62,0,0,0,0,0,0,0,0,0,0
13425,34,25,0,-,89,32,42,73,47,52,62,67,82,37,27,32,41,73,64,0,0,0,0,0,0,0,0,0,0
13426,34,26,0,-,90,33,43,75,48,53,63,68,83,38,28,33,42,75,66,0,0,0,0,0,0,0,0,0,0
13427,34,27,0,-,91,33,43,76,48,53,63,68,83,38,28,33,42,76,67,0,0,0,0,0,0,0,0,0,0
13428,34,28,0,-,92,34,44,78,49,54,64,69,84,39,29,34,43,78,69,0,0,0,0,0,0,0,0,0,0
13429,34,29,0,-,93,34,44,79,49,54,64,69,84,39,29,34,43,79,70,0,0,0,0,0,0,0,0,0,0
13430,34,30,0,-,95,36,46,82,51,56,66,71,86,41,31,36,45,82,73,0,0,0,0,0,0,0,0,0,0
13431,34,31,0,-,96,36,46,84,51,56,66,71,86,41,31,36,45,84,75,0,0,0,0,0,0,0,0,0,0
13432,34,32,0,-,97,37,47,86,52,57,67,72,87,42,32,37,46,86,77,0,0,0,0,0,0,0,0,0,0
13433,34,33,0,-,98,38,48,87,53,58,68,73,88,43,33,38,46,87,79,0,0,0,0,0,0,0,0,0,0
13434,34,34,0,-,100,40,50,90,55,60,70,75,90,45,35,40,48,90,82,0,0,0,0,0,0,0,0,0,0
13435,34,35,0,-,101,41,51,91,56,61,71,76,91,46,36,41,48,91,84,0,0,0,0,0,0,0,0,0,0
13436,34,36,0,-,102,42,52,93,57,62,72,77,92,47,37,42,49,93,86,0,0,0,0,0,0,0,0,0,0
13437,34,37,0,-,103,43,53,94,58,63,73,78,93,48,38,43,49,94,88,0,0,0,0,0,0,0,0,0,0
13438,34,38,0,-,105,45,55,97,60,65,75,80,95,50,40,45,51,97,91,0,0,0,0,0,0,0,0,0,0
13439,34,39,0,-,106,46,56,98,61,66,76,81,96,51,41,46,51,98,93,0,0,0,0,0,0,0,0,0,0
13440,34,40,0,-,107,47,57,101,62,67,77,82,97,52,42,47,52,101,96,0,0,0,0,0,0,0,0,0,0
13441,34,41,0,-,108,48,58,102,63,68,78,83,98,53,43,48,52,102,98,0,0,0,0,0,0,0,0,0,0
13442,34,42,0,-,110,50,60,105,65,70,80,85,100,55,45,50,54,105,101,0,0,0,0,0,0,0,0,0,0
13443,34,43,0,-,111,51,61,106,66,71,81,86,101,56,46,51,54,106,103,0,0,0,0,0,0,0,0,0,0
13444,34,44,0,-,112,52,62,108,67,72,82,87,102,57,47,52,55,108,105,0,0,0,0,0,0,0,0,0,0
13445,34,45,0,-,113,53,63,109,68,73,83,88,103,58,48,53,55,109,107,0,0,0,0,0,0,0,0,0,0
13446,34,46,0,-,115,55,65,112,70,75,85,90,105,60,50,55,57,112,110,0,0,0,0,0,0,0,0,0,0
13447,34,47,0,-,116,56,66,113,71,76,86,91,106,61,51,56,57,113,112,0,0,0,0,0,0,0,0,0,0
13448,34,48,0,-,117,57,67,115,72,77,87,92,107,62,52,57,58,115,114,0,0,0,0,0,0,0,0,0,0
13449,34,49,0,-,118,58,68,116,73,78,88,93,108,63,53,58,58,116,116,0,0,0,0,0,0,0,0,0,0
13450,34,50,0,-,120,60,70,119,75,80,90,95,110,65,55,60,60,119,119,0,0,0,0,0,0,0,0,0,0
14001,40,1,0,-,65,80,80,80,80,80,80,80,80,80,80,80,80,80,80,80,80,80,0,0,0,0,0,0,0
14002,40,2,0,-,65,80,80,80,80,80,80,80,80,80,80,80,80,80,80,80,80,80,0,0,0,0,0,0,0
14003,40,3,0,-,65,80,80,80,80,80,80,80,80,80,80,80,80,80,80,80,80,80,0,0,0,0,0,0,0
14004,40,4,0,-,65,80,80,80,80,80,80,80,80,80,80,80,80,80,80,80,80,80,0,0,0,0,0,0,0
14005,40,5,0,-,65,80,80,80,80,80,80,80,80,80,80,80,80,80,80,80,80,80,0,0,0,0,0,0,0
14006,40,6,0,-,66,80,80,80,80,80,80,80,80,80,80,80,80,80,80,80,80,80,0,0,0,0,0,0,0
14007,40,7,0,-,66,80,80,80,80,80,80,80,80,80,80,80,80,80,80,80,80,80,0,0,0,0,0,0,0
14008,40,8,0,-,66,80,80,80,80,80,80,80,80,80,80,80,80,80,80,80,80,80,0,0,0,0,0,0,0
14009,40,9,0,-,66,80,80,80,80,80,80,80,80,80,80,80,80,80,80,80,80,80,0,0,0,0,0,0,0
14010,40,10,0,-,68,28,53,23,28,18,23,63,83,13,23,43,48,38,28,53,53,53,0,0,0,0,0,0,0
14011,40,11,0,-,70,28,53,23,28,18,23,63,83,13,23,43,48,38,28,54,54,54,0,0,0,0,0,0,0
14012,40,12,0,-,72,29,54,24,29,19,24,64,84,14,24,44,49,39,29,56,56,56,0,0,0,0,0,0,0
14013,40,13,0,-,73,29,54,24,29,19,24,64,84,14,24,44,49,39,29,57,57,57,0,0,0,0,0,0,0
14014,40,14,0,-,75,30,55,25,30,20,25,65,85,15,25,45,50,40,30,59,59,59,0,0,0,0,0,0,0
14015,40,15,0,-,77,31,56,26,31,21,26,66,86,16,26,46,51,41,31,60,60,60,0,0,0,0,0,0,0
14016,40,16,0,-,78,32,57,27,32,22,27,67,87,17,27,47,52,42,32,62,62,62,0,0,0,0,0,0,0
14017,40,17,0,-,80,32,57,27,32,22,27,67,87,17,27,47,52,42,32,63,63,63,0,0,0,0,0,0,0
14018,40,18,0,-,81,33,58,28,33,23,28,68,88,18,28,48,53,43,33,65,65,65,0,0,0,0,0,0,0
14019,40,19,0,-,82,33,58,28,33,23,28,68,88,18,28,48,53,43,33,66,66,66,0,0,0,0,0,0,0
14020,40,20,0,-,83,29,54,24,29,19,24,64,84,14,24,44,49,39,29,97,97,97,0,0,0,0,0,0,0
14021,40,21,0,-,84,29,54,24,29,19,24,64,84,14,24,44,49,39,29,98,98,98,0,0,0,0,0,0,0
14022,40,22,0,-,85,30,55,25,30,20,25,65,85,15,25,45,50,40,30,100,100,100,0,0,0,0,0,0,0
14023,40,23,0,-,86,30,55,25,30,20,25,65,85,15,25,45,50,40,30,102,102,102,0,0,0,0,0,0,0
14024,40,24,0,-,87,31,56,26,31,21,26,66,86,16,26,46,51,41,31,104,104,104,0,0,0,0,0,0,0
14025,40,25,0,-,89,32,57,27,32,22,27,67,87,17,27,47,52,42,32,105,105,105,0,0,0,0,0,0,0
14026,40,26,0,-,90,33,58,28,33,23,28,68,88,18,28,48,53,43,33,108,108,108,0,0,0,0,0,0,0
14027,40,27,0,-,91,33,58,28,33,23,28,68,88,18,28,48,53,43,33,109,109,109,0,0,0,0,0,0,0
14028,40,28,0,-,92,34,59,29,34,24,29,69,89,19,29,49,54,44,34,111,111,111,0,0,0,0,0,0,0
14029,40,29,0,-,93,34,59,29,34,24,29,69,89,19,29,49,54,44,34,113,113,113,0,0,0,0,0,0,0
14030,40,30,0,-,95,36,61,31,36,26,31,71,91,21,31,51,56,46,36,115,115,115,0,0,0,0,0,0,0
14031,40,31,0,-,96,36,61,31,36,26,31,71,91,21,31,51,56,46,36,116,116,116,0,0,0,0,0,0,0
14032,40,32,0,-,97,37,62,32,37,27,32,72,92,22,32,52,57,47,37,119,119,119,0,0,0,0,0,0,0
14033,40,33,0,-,98,38,63,33,38,28,33,73,93,23,33,53,58,48,38,120,120,120,0,0,0,0,0,0,0
14034,40,34,0,-,100,40,65,35,40,30,35,75,95,25,35,55,60,50,40,122,122,122,0,0,0,0,0,0,0
14035,40,35,0,-,101,41,66,36,41,31,36,76,96,26,36,56,61,51,41,124,124,124,0,0,0,0,0,0,0
14036,40,36,0,-,102,42,67,37,42,32,37,77,97,27,37,57,62,52,42,126,126,126,0,0,0,0,0,0,0
14037,40,37,0,-,103,43,68,38,43,33,38,78,98,28,38,58,63,53,43,127,127,127,0,0,0,0,0,0,0
14038,40,38,0,-,105,45,70,40,45,35,40,80,100,30,40,60,65,55,45,130,130,130,0,0,0,0,0,0,0
14039,40,39,0,-,106,46,71,41,46,36,41,81,101,31,41,61,66,56,46,131,131,131,0,0,0,0,0,0,0
14040,40,40,0,-,107,47,72,42,47,37,42,82,102,32,42,62,67,57,47,133,133,133,0,0,0,0,0,0,0
14041,40,41,0,-,108,48,73,43,48,38,43,83,103,33,43,63,68,58,48,134,134,134,0,0,0,0,0,0,0
14042,40,42,0,-,110,50,76,45,50,40,45,85,106,35,45,65,71,60,50,135,135,135,0,0,0,0,0,0,0
14043,40,43,0,-,111,51,78,46,51,41,46,86,108,36,46,66,73,61,51,135,135,135,0,0,0,0,0,0,0
14044,40,44,0,-,112,52,80,47,52,42,47,87,110,37,47,67,75,62,52,137,137,137,0,0,0,0,0,0,0
14045,40,45,0,-,113,53,82,48,53,43,48,88,112,38,48,68,77,63,53,137,137,137,0,0,0,0,0,0,0
14046,40,46,0,-,115,55,85,50,55,45,50,90,115,40,50,70,80,65,55,138,138,138,0,0,0,0,0,0,0
14047,40,47,0,-,116,56,87,51,56,46,51,91,117,41,51,71,82,66,56,139,139,139,0,0,0,0,0,0,0
14048,40,48,0,-,117,57,89,52,57,47,52,92,119,42,52,72,84,67,57,140,140,140,0,0,0,0,0,0,0
14049,40,49,0,-,118,58,91,53,58,48,53,93,121,43,53,73,86,68,58,140,140,140,0,0,0,0,0,0,0
14050,40,50,0,-,120,60,94,55,60,50,55,95,124,45,55,75,89,70,60,141,141,141,0,0,0,0,0,0,0
